[run number];max-tezina;min-tezina;postotak-tabu-lista;slucajni-graf-n;[step];dubina-agenti;sirina-agenti;uniform-cost-agenti;dubina-ticks;sirina-ticks;pohlepni-ticks;uniform-ticks;tabu-ticks;tabu-rjesenje?;pohlepni-rjesenje?
1;50000;1000;25;10;1;25;16;15;27;27;7;27;7;TRUE;TRUE
2;50000;1000;25;10;1;2;2;2;3;3;1;3;1;TRUE;TRUE
3;50000;1000;25;10;1;35;21;17;40;40;6;40;6;TRUE;TRUE
4;50000;1000;25;10;1;23;25;21;46;46;4;46;3;FALSE;FALSE
5;50000;1000;25;10;1;9;9;9;15;15;2;15;2;TRUE;TRUE
6;50000;1000;25;10;1;20;17;15;32;32;4;32;4;TRUE;TRUE
7;50000;1000;25;10;1;37;27;27;40;40;7;40;7;TRUE;TRUE
8;50000;1000;25;10;1;18;18;14;11;11;3;11;3;TRUE;TRUE
9;50000;1000;25;10;1;2;2;2;6;6;2;6;2;TRUE;TRUE
10;50000;1000;25;10;1;48;24;24;53;53;5;53;4;FALSE;FALSE
11;50000;1000;25;10;1;35;33;33;49;49;4;49;3;FALSE;FALSE
12;50000;1000;25;10;1;6;5;4;10;10;2;10;2;TRUE;TRUE
13;50000;1000;25;10;1;11;11;11;22;22;6;22;6;TRUE;TRUE
14;50000;1000;25;10;1;3;3;3;9;9;3;9;3;TRUE;TRUE
15;50000;1000;25;10;1;59;59;59;90;90;7;90;7;TRUE;TRUE
16;50000;1000;25;10;1;6;6;6;11;11;6;11;5;FALSE;FALSE
17;50000;1000;25;11;1;18;11;11;24;24;7;24;6;FALSE;FALSE
18;50000;1000;25;11;1;5;6;5;7;7;2;7;2;TRUE;TRUE
19;50000;1000;25;11;1;7;9;7;10;10;5;10;4;FALSE;FALSE
20;50000;1000;25;11;1;44;44;44;88;88;6;88;6;TRUE;TRUE
21;50000;1000;25;11;1;16;16;16;18;18;5;18;4;FALSE;FALSE
22;50000;1000;25;11;1;22;22;19;23;23;7;23;7;TRUE;TRUE
23;50000;1000;25;11;1;24;24;24;24;24;7;24;7;TRUE;TRUE
24;50000;1000;25;11;1;3;3;3;6;6;2;6;2;TRUE;TRUE
25;50000;1000;25;11;1;13;13;13;30;30;3;30;2;FALSE;FALSE
26;50000;1000;25;11;1;1;1;1;3;3;1;3;1;TRUE;TRUE
27;50000;1000;25;11;1;6;6;6;9;9;5;9;5;TRUE;TRUE
28;50000;1000;25;11;1;10;10;10;22;22;5;22;4;FALSE;FALSE
29;50000;1000;25;11;1;2;2;2;3;3;1;3;1;TRUE;TRUE
30;50000;1000;25;11;1;13;12;12;34;34;7;34;7;TRUE;TRUE
31;50000;1000;25;11;1;57;17;17;41;41;3;41;2;FALSE;FALSE
32;50000;1000;25;11;1;4;4;4;3;3;1;3;1;TRUE;TRUE
33;50000;1000;25;12;1;12;12;12;33;33;2;33;1;FALSE;FALSE
34;50000;1000;25;12;1;5;5;5;6;6;2;6;2;TRUE;TRUE
35;50000;1000;25;12;1;24;18;18;42;42;7;42;6;FALSE;FALSE
36;50000;1000;25;12;1;6;6;6;17;17;2;17;1;FALSE;FALSE
37;50000;1000;25;12;1;3;3;3;3;3;1;3;1;TRUE;TRUE
38;50000;1000;25;12;1;12;11;11;28;28;6;28;5;FALSE;FALSE
39;50000;1000;25;12;1;150;84;84;141;141;3;141;3;TRUE;TRUE
40;50000;1000;25;12;1;4;4;4;9;9;2;9;1;FALSE;FALSE
41;50000;1000;25;12;1;8;8;8;12;12;2;12;1;FALSE;FALSE
42;50000;1000;25;12;1;12;11;11;19;19;3;19;3;TRUE;TRUE
43;50000;1000;25;12;1;9;9;9;12;12;3;12;3;TRUE;TRUE
44;50000;1000;25;12;1;273;180;152;176;176;9;176;8;FALSE;FALSE
45;50000;1000;25;12;1;30;30;30;30;30;8;30;7;FALSE;FALSE
46;50000;1000;25;12;1;16;10;10;27;27;2;27;1;FALSE;FALSE
47;50000;1000;25;12;1;29;34;29;47;47;4;47;3;FALSE;FALSE
48;50000;1000;25;12;1;59;28;24;49;49;7;49;6;FALSE;FALSE
49;50000;1000;25;13;1;31;37;16;34;34;3;34;3;TRUE;TRUE
50;50000;1000;25;13;1;49;52;43;58;58;6;58;6;TRUE;TRUE
51;50000;1000;25;13;1;28;28;28;51;51;4;51;3;FALSE;FALSE
52;50000;1000;25;13;1;1;1;1;3;3;1;3;1;TRUE;TRUE
53;50000;1000;25;13;1;3;3;3;6;6;2;6;2;TRUE;TRUE
54;50000;1000;25;13;1;11;12;11;19;19;2;19;1;FALSE;FALSE
55;50000;1000;25;13;1;75;75;75;90;90;8;90;8;TRUE;TRUE
56;50000;1000;25;13;1;8;8;8;9;9;5;9;4;FALSE;FALSE
57;50000;1000;25;13;1;67;67;14;39;39;9;39;8;FALSE;FALSE
58;50000;1000;25;13;1;10;10;10;9;9;5;9;4;FALSE;FALSE
59;50000;1000;25;13;1;23;23;23;53;53;7;53;6;FALSE;FALSE
60;50000;1000;25;13;1;55;26;26;31;31;3;31;3;TRUE;TRUE
61;50000;1000;25;13;1;138;101;94;92;92;9;92;9;TRUE;TRUE
62;50000;1000;25;13;1;12;12;12;33;33;4;33;3;FALSE;FALSE
63;50000;1000;25;13;1;7;13;7;12;12;7;12;6;FALSE;FALSE
64;50000;1000;25;13;1;39;26;26;38;38;4;38;4;TRUE;TRUE
65;50000;1000;25;14;1;98;59;59;105;105;9;105;9;TRUE;TRUE
66;50000;1000;25;14;1;34;51;31;72;72;3;72;2;FALSE;FALSE
67;50000;1000;25;14;1;292;218;212;308;308;6;308;5;FALSE;FALSE
68;50000;1000;25;14;1;3;3;3;3;3;1;3;1;TRUE;TRUE
69;50000;1000;25;14;1;98;66;64;124;124;6;124;5;FALSE;FALSE
70;50000;1000;25;14;1;13;12;12;25;25;3;25;2;FALSE;FALSE
71;50000;1000;25;14;1;32;16;16;36;36;6;36;5;FALSE;FALSE
72;50000;1000;25;14;1;8;8;8;9;9;7;9;6;FALSE;FALSE
73;50000;1000;25;14;1;59;47;47;53;53;4;53;3;FALSE;FALSE
74;50000;1000;25;14;1;9;9;9;9;9;4;9;4;TRUE;TRUE
75;50000;1000;25;14;1;17;15;15;35;35;3;35;2;FALSE;FALSE
76;50000;1000;25;14;1;156;40;26;79;79;9;79;8;FALSE;FALSE
77;50000;1000;25;14;1;9;15;9;14;14;8;14;7;FALSE;FALSE
78;50000;1000;25;14;1;25;25;25;33;33;5;33;4;FALSE;FALSE
79;50000;1000;25;14;1;83;74;63;68;68;9;68;9;TRUE;TRUE
80;50000;1000;25;14;1;26;26;26;45;45;6;45;6;TRUE;TRUE
81;50000;1000;25;15;1;67;18;9;27;27;2;27;2;TRUE;TRUE
82;50000;1000;25;15;1;17;14;11;29;29;4;29;4;TRUE;TRUE
83;50000;1000;25;15;1;10;10;10;9;9;5;9;4;FALSE;FALSE
84;50000;1000;25;15;1;299;228;228;475;475;10;475;10;TRUE;TRUE
85;50000;1000;25;15;1;43;43;43;45;45;6;45;5;FALSE;FALSE
86;50000;1000;25;15;1;27;25;25;36;36;5;36;4;FALSE;FALSE
87;50000;1000;25;15;1;43;55;43;34;34;4;34;4;TRUE;TRUE
88;50000;1000;25;15;1;2;2;2;3;3;1;3;1;TRUE;TRUE
89;50000;1000;25;15;1;16;15;12;38;38;3;38;2;FALSE;FALSE
90;50000;1000;25;15;1;114;15;15;55;55;13;55;12;FALSE;FALSE
91;50000;1000;25;15;1;238;159;153;157;157;9;157;8;FALSE;FALSE
92;50000;1000;25;15;1;27;23;23;48;48;6;48;5;FALSE;FALSE
93;50000;1000;25;15;1;43;48;33;62;62;6;62;5;FALSE;FALSE
94;50000;1000;25;15;1;11;11;11;18;18;2;18;1;FALSE;FALSE
95;50000;1000;25;15;1;55;55;55;30;30;10;30;9;FALSE;FALSE
96;50000;1000;25;15;1;20;12;12;30;30;5;30;4;FALSE;FALSE
97;50000;1000;25;16;1;8;8;8;9;9;7;9;7;TRUE;TRUE
98;50000;1000;25;16;1;18;18;18;21;21;7;21;6;FALSE;FALSE
99;50000;1000;25;16;1;43;34;24;31;31;3;31;3;TRUE;TRUE
100;50000;1000;25;16;1;17;10;8;14;14;2;14;2;TRUE;TRUE
101;50000;1000;25;16;1;72;32;20;35;35;3;35;3;TRUE;TRUE
102;50000;1000;25;16;1;7;7;7;9;9;3;9;3;TRUE;TRUE
103;50000;1000;25;16;1;40;52;35;88;88;5;88;5;TRUE;TRUE
104;50000;1000;25;16;1;457;122;122;314;314;3;314;2;FALSE;FALSE
105;50000;1000;25;16;1;202;147;101;214;214;7;214;7;TRUE;TRUE
106;50000;1000;25;16;1;11;11;11;12;12;6;12;6;TRUE;TRUE
107;50000;1000;25;16;1;76;36;36;63;63;6;63;5;FALSE;FALSE
108;50000;1000;25;16;1;35;23;23;51;51;3;51;2;FALSE;FALSE
109;50000;1000;25;16;1;12;15;12;15;15;3;15;3;TRUE;TRUE
110;50000;1000;25;16;1;15;11;11;20;20;3;20;2;FALSE;FALSE
111;50000;1000;25;16;1;95;75;39;108;108;10;108;10;TRUE;TRUE
112;50000;1000;25;16;1;14;14;14;39;39;3;39;2;FALSE;FALSE
113;50000;1000;25;17;1;210;210;210;174;174;13;174;12;FALSE;FALSE
114;50000;1000;25;17;1;32;37;32;26;26;2;26;2;TRUE;TRUE
115;50000;1000;25;17;1;26;7;7;26;26;2;26;2;TRUE;TRUE
116;50000;1000;25;17;1;14;35;14;12;12;3;12;3;TRUE;TRUE
117;50000;1000;25;17;1;52;75;48;70;70;5;70;5;TRUE;TRUE
118;50000;1000;25;17;1;27;27;27;27;27;9;27;8;FALSE;FALSE
119;50000;1000;25;17;1;71;29;29;70;70;7;70;6;FALSE;FALSE
120;50000;1000;25;17;1;114;12;10;74;74;10;74;9;FALSE;FALSE
121;50000;1000;25;17;1;98;105;86;163;163;8;163;7;FALSE;FALSE
122;50000;1000;25;17;1;123;103;77;145;145;7;145;7;TRUE;TRUE
123;50000;1000;25;17;1;1;1;1;3;3;1;3;1;TRUE;TRUE
124;50000;1000;25;17;1;16;19;16;25;25;6;25;6;TRUE;TRUE
125;50000;1000;25;17;1;31;31;31;27;27;9;27;8;FALSE;FALSE
126;50000;1000;25;17;1;205;14;7;111;111;2;111;2;TRUE;TRUE
127;50000;1000;25;17;1;83;41;32;75;75;5;75;5;TRUE;TRUE
128;50000;1000;25;17;1;17;23;17;17;17;2;17;2;TRUE;TRUE
129;50000;1000;25;18;1;7;7;7;6;6;7;6;6;FALSE;FALSE
130;50000;1000;25;18;1;56;40;28;69;69;5;69;4;FALSE;FALSE
131;50000;1000;25;18;1;30;29;24;27;27;4;27;4;TRUE;TRUE
132;50000;1000;25;18;1;14;17;14;28;28;4;28;3;FALSE;FALSE
133;50000;1000;25;18;1;43;34;34;50;50;5;50;5;TRUE;TRUE
134;50000;1000;25;18;1;25;34;16;31;31;5;31;5;TRUE;TRUE
135;50000;1000;25;18;1;92;46;29;38;38;9;38;9;TRUE;TRUE
136;50000;1000;25;18;1;7;7;7;6;6;8;6;7;FALSE;FALSE
137;50000;1000;25;18;1;45;45;45;36;36;6;36;6;TRUE;TRUE
138;50000;1000;25;18;1;145;108;66;54;54;12;54;11;FALSE;FALSE
139;50000;1000;25;18;1;11;11;11;21;21;12;21;12;TRUE;TRUE
140;50000;1000;25;18;1;126;118;109;219;219;9;219;8;FALSE;FALSE
141;50000;1000;25;18;1;23;18;18;33;33;4;33;3;FALSE;FALSE
142;50000;1000;25;18;1;11;18;11;8;8;2;8;2;TRUE;TRUE
143;50000;1000;25;18;1;62;23;19;48;48;4;48;3;FALSE;FALSE
144;50000;1000;25;18;1;34;35;20;51;51;6;51;6;TRUE;TRUE
145;50000;1000;25;19;1;29;31;29;25;25;4;25;4;TRUE;TRUE
146;50000;1000;25;19;1;404;206;54;266;266;6;266;5;FALSE;FALSE
147;50000;1000;25;19;1;47;49;47;43;43;4;43;4;TRUE;TRUE
148;50000;1000;25;19;1;84;92;75;193;193;3;193;2;FALSE;FALSE
149;50000;1000;25;19;1;342;234;215;557;557;5;557;4;FALSE;FALSE
150;50000;1000;25;19;1;3;3;3;3;3;1;3;1;TRUE;TRUE
151;50000;1000;25;19;1;30;23;19;42;42;8;42;7;FALSE;FALSE
152;50000;1000;25;19;1;54;57;54;102;102;8;102;7;FALSE;FALSE
153;50000;1000;25;19;1;12;12;12;12;12;5;12;5;TRUE;TRUE
154;50000;1000;25;19;1;18;18;18;36;36;4;36;3;FALSE;FALSE
155;50000;1000;25;19;1;49;38;33;71;71;5;71;5;TRUE;TRUE
156;50000;1000;25;19;1;100;79;79;113;113;4;113;3;FALSE;FALSE
157;50000;1000;25;19;1;46;46;46;51;51;6;51;5;FALSE;FALSE
158;50000;1000;25;19;1;21;21;21;37;37;2;37;1;FALSE;FALSE
159;50000;1000;25;19;1;45;41;41;69;69;5;69;4;FALSE;FALSE
160;50000;1000;25;19;1;315;193;165;287;287;11;287;10;FALSE;FALSE
161;50000;1000;25;20;1;245;94;66;100;100;10;100;10;TRUE;TRUE
162;50000;1000;25;20;1;113;89;60;85;85;6;85;6;TRUE;TRUE
163;50000;1000;25;20;1;6;6;6;9;9;14;9;13;FALSE;FALSE
164;50000;1000;25;20;1;80;60;55;55;55;11;55;11;TRUE;TRUE
165;50000;1000;25;20;1;87;14;14;48;48;4;48;3;FALSE;FALSE
166;50000;1000;25;20;1;30;26;26;62;62;8;62;8;TRUE;TRUE
167;50000;1000;25;20;1;523;70;70;222;222;9;222;9;TRUE;TRUE
168;50000;1000;25;20;1;90;90;90;93;93;13;93;12;FALSE;FALSE
169;50000;1000;25;20;1;30;30;30;30;30;10;30;9;FALSE;FALSE
170;50000;1000;25;20;1;159;158;148;375;375;4;375;3;FALSE;FALSE
171;50000;1000;25;20;1;3;3;3;3;3;1;3;1;TRUE;TRUE
172;50000;1000;25;20;1;15;20;15;34;34;3;34;2;FALSE;FALSE
173;50000;1000;25;20;1;126;22;22;90;90;9;90;8;FALSE;FALSE
174;50000;1000;25;20;1;59;31;19;42;42;6;42;6;TRUE;TRUE
175;50000;1000;25;20;1;406;120;113;259;259;10;259;10;TRUE;TRUE
176;50000;1000;25;20;1;30;54;30;37;37;4;37;3;FALSE;FALSE
177;50000;1000;25;21;1;34;40;21;37;37;2;37;1;FALSE;FALSE
178;50000;1000;25;21;1;2019;715;635;1339;1339;16;1339;15;FALSE;FALSE
179;50000;1000;25;21;1;61;45;45;90;90;8;90;7;FALSE;FALSE
180;50000;1000;25;21;1;15;15;15;37;37;6;37;6;TRUE;TRUE
181;50000;1000;25;21;1;4133;26;26;4157;4157;13;4157;12;FALSE;FALSE
182;50000;1000;25;21;1;92;38;34;45;45;6;45;6;TRUE;TRUE
183;50000;1000;25;21;1;14;35;14;14;14;2;14;2;TRUE;TRUE
184;50000;1000;25;21;1;7;7;7;12;12;4;12;3;FALSE;FALSE
185;50000;1000;25;21;1;990;151;123;471;471;12;471;11;FALSE;FALSE
186;50000;1000;25;21;1;21;23;21;33;33;3;33;2;FALSE;FALSE
187;50000;1000;25;21;1;74;14;14;37;37;6;37;6;TRUE;TRUE
188;50000;1000;25;21;1;6;6;6;6;6;9;6;9;TRUE;TRUE
189;50000;1000;25;21;1;38;34;22;37;37;4;37;3;FALSE;FALSE
190;50000;1000;25;21;1;98;64;61;119;119;8;119;8;TRUE;TRUE
191;50000;1000;25;21;1;195;81;73;100;100;10;100;10;TRUE;TRUE
192;50000;1000;25;21;1;264;175;60;67;67;5;67;5;TRUE;TRUE
193;50000;1000;25;22;1;137;54;54;112;112;2;112;2;TRUE;TRUE
194;50000;1000;25;22;1;267;69;23;183;183;4;183;4;TRUE;TRUE
195;50000;1000;25;22;1;19;19;19;24;24;8;24;7;FALSE;FALSE
196;50000;1000;25;22;1;24;18;16;29;29;3;29;2;FALSE;FALSE
197;50000;1000;25;22;1;434;125;115;198;198;6;198;5;FALSE;FALSE
198;50000;1000;25;22;1;8;8;8;9;9;13;9;12;FALSE;FALSE
199;50000;1000;25;22;1;181;128;116;227;227;8;227;7;FALSE;FALSE
200;50000;1000;25;22;1;37;76;37;53;53;6;53;5;FALSE;FALSE
201;50000;1000;25;22;1;68;84;68;70;70;11;70;10;FALSE;FALSE
202;50000;1000;25;22;1;23;23;23;33;33;12;33;11;FALSE;FALSE
203;50000;1000;25;22;1;89;110;61;66;66;13;66;13;TRUE;TRUE
204;50000;1000;25;22;1;150;71;71;157;157;7;157;6;FALSE;FALSE
205;50000;1000;25;22;1;38;34;25;44;44;6;44;5;FALSE;FALSE
206;50000;1000;25;22;1;103;65;38;74;74;7;74;6;FALSE;FALSE
207;50000;1000;25;22;1;464;49;39;491;491;12;491;11;FALSE;FALSE
208;50000;1000;25;22;1;1266;844;735;1013;1013;11;1013;10;FALSE;FALSE
209;50000;1000;25;23;1;82;23;23;75;75;8;75;7;FALSE;FALSE
210;50000;1000;25;23;1;48;26;23;55;55;4;55;3;FALSE;FALSE
211;50000;1000;25;23;1;29;26;13;26;26;2;26;1;FALSE;FALSE
212;50000;1000;25;23;1;96;38;38;60;60;3;60;2;FALSE;FALSE
213;50000;1000;25;23;1;618;178;92;229;229;8;229;8;TRUE;TRUE
214;50000;1000;25;23;1;97;28;20;64;64;4;64;4;TRUE;TRUE
215;50000;1000;25;23;1;402;132;132;284;284;6;284;5;FALSE;FALSE
216;50000;1000;25;23;1;1;1;1;3;3;1;3;1;TRUE;TRUE
217;50000;1000;25;23;1;14;16;14;26;26;5;26;4;FALSE;FALSE
218;50000;1000;25;23;1;2;2;2;3;3;1;3;1;TRUE;TRUE
219;50000;1000;25;23;1;20;25;19;29;29;2;29;1;FALSE;FALSE
220;50000;1000;25;23;1;8;11;8;13;13;6;13;5;FALSE;FALSE
221;50000;1000;25;23;1;4;4;4;6;6;4;6;3;FALSE;FALSE
222;50000;1000;25;23;1;39;58;20;35;35;3;35;2;FALSE;FALSE
223;50000;1000;25;23;1;7;7;7;3;3;1;3;1;TRUE;TRUE
224;50000;1000;25;23;1;330;22;22;174;174;3;174;2;FALSE;FALSE
225;50000;1000;25;24;1;118;45;30;66;66;3;66;3;TRUE;TRUE
226;50000;1000;25;24;1;216;58;27;97;97;3;97;2;FALSE;FALSE
227;50000;1000;25;24;1;228;208;69;149;149;10;149;10;TRUE;TRUE
228;50000;1000;25;24;1;130;132;59;167;167;7;167;6;FALSE;FALSE
229;50000;1000;25;24;1;20;20;20;12;12;3;12;3;TRUE;TRUE
230;50000;1000;25;24;1;39;39;39;33;33;10;33;10;TRUE;TRUE
231;50000;1000;25;24;1;12;25;12;17;17;3;17;3;TRUE;TRUE
232;50000;1000;25;24;1;20;20;20;33;33;3;33;2;FALSE;FALSE
233;50000;1000;25;24;1;140;72;29;164;164;4;164;3;FALSE;FALSE
234;50000;1000;25;24;1;187;336;101;133;133;10;133;10;TRUE;TRUE
235;50000;1000;25;24;1;58;58;58;36;36;12;36;11;FALSE;FALSE
236;50000;1000;25;24;1;112;79;79;97;97;13;97;12;FALSE;FALSE
237;50000;1000;25;24;1;484;101;61;326;326;13;326;12;FALSE;FALSE
238;50000;1000;25;24;1;5;5;5;6;6;2;6;2;TRUE;TRUE
239;50000;1000;25;24;1;2;2;2;3;3;1;3;1;TRUE;TRUE
240;50000;1000;25;24;1;186;54;54;154;154;15;154;14;FALSE;FALSE
241;50000;1000;25;25;1;11;11;11;12;12;4;12;3;FALSE;FALSE
242;50000;1000;25;25;1;175;145;98;167;167;9;167;8;FALSE;FALSE
243;50000;1000;25;25;1;10;10;10;9;9;4;9;4;TRUE;TRUE
244;50000;1000;25;25;1;12;12;12;12;12;14;12;13;FALSE;FALSE
245;50000;1000;25;25;1;7;7;7;3;3;1;3;1;TRUE;TRUE
246;50000;1000;25;25;1;1214;265;261;1005;1005;15;1005;14;FALSE;FALSE
247;50000;1000;25;25;1;7;7;7;9;9;7;9;7;TRUE;TRUE
248;50000;1000;25;25;1;128;31;20;84;84;5;84;4;FALSE;FALSE
249;50000;1000;25;25;1;1633;87;39;433;433;7;433;6;FALSE;FALSE
250;50000;1000;25;25;1;148;123;120;160;160;4;160;3;FALSE;FALSE
251;50000;1000;25;25;1;129;94;94;180;180;9;180;8;FALSE;FALSE
252;50000;1000;25;25;1;76;76;76;60;60;17;60;17;TRUE;TRUE
253;50000;1000;25;25;1;102;60;60;72;72;7;72;6;FALSE;FALSE
254;50000;1000;25;25;1;246;145;145;253;253;5;253;4;FALSE;FALSE
255;50000;1000;25;25;1;250;34;24;127;127;12;127;11;FALSE;FALSE
256;50000;1000;25;25;1;158;158;158;126;126;9;126;9;TRUE;TRUE
257;50000;1000;25;26;1;490;86;72;328;328;4;328;3;FALSE;FALSE
258;50000;1000;25;26;1;487;308;308;439;439;17;439;17;TRUE;TRUE
259;50000;1000;25;26;1;538;192;187;361;361;5;361;5;TRUE;TRUE
260;50000;1000;25;26;1;238;68;31;104;104;15;104;14;FALSE;FALSE
261;50000;1000;25;26;1;83;87;59;55;55;7;55;6;FALSE;FALSE
262;50000;1000;25;26;1;104;41;41;78;78;17;78;16;FALSE;FALSE
263;50000;1000;25;26;1;55;55;55;60;60;10;60;9;FALSE;FALSE
264;50000;1000;25;26;1;131;131;131;87;87;16;87;15;FALSE;FALSE
265;50000;1000;25;26;1;49;49;49;39;39;17;39;17;TRUE;TRUE
266;50000;1000;25;26;1;783;168;110;502;502;10;502;9;FALSE;FALSE
267;50000;1000;25;26;1;620;467;455;756;756;3;756;2;FALSE;FALSE
268;50000;1000;25;26;1;586;99;82;368;368;2;368;1;FALSE;FALSE
269;50000;1000;25;26;1;2293;1535;976;1481;1481;16;1481;15;FALSE;FALSE
270;50000;1000;25;26;1;282;247;77;399;399;8;399;8;TRUE;TRUE
271;50000;1000;25;26;1;140;106;98;52;52;6;52;6;TRUE;TRUE
272;50000;1000;25;26;1;21;22;15;29;29;3;29;3;TRUE;TRUE
273;50000;1000;25;27;1;34;27;27;39;39;9;39;9;TRUE;TRUE
274;50000;1000;25;27;1;92;56;38;72;72;8;72;8;TRUE;TRUE
275;50000;1000;25;27;1;26;26;26;27;27;2;27;1;FALSE;FALSE
276;50000;1000;25;27;1;299;24;19;142;142;11;142;10;FALSE;FALSE
277;50000;1000;25;27;1;287;111;33;112;112;9;112;8;FALSE;FALSE
278;50000;1000;25;27;1;13;13;13;30;30;6;30;5;FALSE;FALSE
279;50000;1000;25;27;1;294;286;81;169;169;4;169;3;FALSE;FALSE
280;50000;1000;25;27;1;490;53;50;267;267;12;267;11;FALSE;FALSE
281;50000;1000;25;27;1;867;122;122;454;454;11;454;10;FALSE;FALSE
282;50000;1000;25;27;1;1170;799;682;1585;1585;7;1585;6;FALSE;FALSE
283;50000;1000;25;27;1;39;38;21;42;42;7;42;7;TRUE;TRUE
284;50000;1000;25;27;1;264;166;90;187;187;9;187;8;FALSE;FALSE
285;50000;1000;25;27;1;18;18;18;19;19;12;19;11;FALSE;FALSE
286;50000;1000;25;27;1;114;119;114;92;92;18;92;17;FALSE;FALSE
287;50000;1000;25;27;1;184;29;19;87;87;5;87;5;TRUE;TRUE
288;50000;1000;25;27;1;104;118;30;100;100;7;100;6;FALSE;FALSE
289;50000;1000;25;28;1;54;54;54;57;57;6;57;5;FALSE;FALSE
290;50000;1000;25;28;1;122;105;95;86;86;3;86;3;TRUE;TRUE
291;50000;1000;25;28;1;120;135;111;106;106;4;106;4;TRUE;TRUE
292;50000;1000;25;28;1;598;43;43;247;247;15;247;14;FALSE;FALSE
293;50000;1000;25;28;1;9;9;9;6;6;13;6;13;TRUE;TRUE
294;50000;1000;25;28;1;205;170;161;290;290;10;290;9;FALSE;FALSE
295;50000;1000;25;28;1;128;130;102;82;82;17;82;16;FALSE;FALSE
296;50000;1000;25;28;1;26;18;13;19;19;3;19;2;FALSE;FALSE
297;50000;1000;25;28;1;1203;374;374;844;844;9;844;8;FALSE;FALSE
298;50000;1000;25;28;1;46;46;46;27;27;18;27;17;FALSE;FALSE
299;50000;1000;25;28;1;31;31;31;33;33;11;33;11;TRUE;TRUE
300;50000;1000;25;28;1;57;57;57;36;36;11;36;11;TRUE;TRUE
301;50000;1000;25;28;1;3;3;3;6;6;2;6;1;FALSE;FALSE
302;50000;1000;25;28;1;244;37;20;119;119;2;119;1;FALSE;FALSE
303;50000;1000;25;28;1;95;48;32;41;41;14;41;13;FALSE;FALSE
304;50000;1000;25;28;1;122;122;122;123;123;8;123;7;FALSE;FALSE
305;50000;1000;25;29;1;143;114;29;92;92;4;92;4;TRUE;TRUE
306;50000;1000;25;29;1;641;80;62;179;179;15;179;15;TRUE;TRUE
307;50000;1000;25;29;1;193;66;64;178;178;2;178;1;FALSE;FALSE
308;50000;1000;25;29;1;148;110;84;124;124;11;124;10;FALSE;FALSE
309;50000;1000;25;29;1;177;13;10;69;69;2;69;2;TRUE;TRUE
310;50000;1000;25;29;1;501;153;148;297;297;11;297;10;FALSE;FALSE
311;50000;1000;25;29;1;4;4;4;6;6;2;6;2;TRUE;TRUE
312;50000;1000;25;29;1;200;42;28;87;87;17;87;17;TRUE;TRUE
313;50000;1000;25;29;1;551;99;71;303;303;12;303;11;FALSE;FALSE
314;50000;1000;25;29;1;198;82;78;140;140;3;140;2;FALSE;FALSE
315;50000;1000;25;29;1;165;39;35;136;136;8;136;7;FALSE;FALSE
316;50000;1000;25;29;1;86;48;26;50;50;13;50;13;TRUE;TRUE
317;50000;1000;25;29;1;653;112;112;212;212;8;212;7;FALSE;FALSE
318;50000;1000;25;29;1;6;6;6;3;3;1;3;1;TRUE;TRUE
319;50000;1000;25;29;1;408;98;91;265;265;8;265;7;FALSE;FALSE
320;50000;1000;25;29;1;273;233;94;152;152;11;152;11;TRUE;TRUE
321;50000;1000;25;30;1;94;28;23;62;62;2;62;1;FALSE;FALSE
322;50000;1000;25;30;1;579;89;89;314;314;2;314;1;FALSE;FALSE
323;50000;1000;25;30;1;456;48;48;238;238;16;238;15;FALSE;FALSE
324;50000;1000;25;30;1;178;60;57;168;168;3;168;2;FALSE;FALSE
325;50000;1000;25;30;1;734;289;224;327;327;12;327;12;TRUE;TRUE
326;50000;1000;25;30;1;1242;491;491;1133;1133;14;1133;13;FALSE;FALSE
327;50000;1000;25;30;1;614;49;32;223;223;5;223;5;TRUE;TRUE
328;50000;1000;25;30;1;390;46;46;166;166;16;166;16;TRUE;TRUE
329;50000;1000;25;30;1;1179;184;132;407;407;16;407;16;TRUE;TRUE
330;50000;1000;25;30;1;1676;439;174;638;638;9;638;9;TRUE;TRUE
331;50000;1000;25;30;1;95;76;72;99;99;10;99;10;TRUE;TRUE
332;50000;1000;25;30;1;66;88;59;56;56;19;56;18;FALSE;FALSE
333;50000;1000;25;30;1;207;127;115;115;115;3;115;3;TRUE;TRUE
334;50000;1000;25;30;1;1532;349;299;493;493;10;493;10;TRUE;TRUE
335;50000;1000;25;30;1;48;48;48;24;24;18;24;17;FALSE;FALSE
336;50000;1000;25;30;1;1;1;1;3;3;1;3;1;TRUE;TRUE
337;50000;1000;25;31;1;5;5;5;3;3;1;3;1;TRUE;TRUE
338;50000;1000;25;31;1;137;49;27;84;84;9;84;8;FALSE;FALSE
339;50000;1000;25;31;1;1;1;1;3;3;1;3;1;TRUE;TRUE
340;50000;1000;25;31;1;8007;2222;2222;5477;5477;16;5477;15;FALSE;FALSE
341;50000;1000;25;31;1;41;44;28;21;21;10;21;9;FALSE;FALSE
342;50000;1000;25;31;1;266;228;207;231;231;13;231;12;FALSE;FALSE
343;50000;1000;25;31;1;139;99;86;185;185;9;185;8;FALSE;FALSE
344;50000;1000;25;31;1;56;139;56;61;61;15;61;14;FALSE;FALSE
345;50000;1000;25;31;1;283;63;58;127;127;5;127;4;FALSE;FALSE
346;50000;1000;25;31;1;421;7;5;212;212;2;212;2;TRUE;TRUE
347;50000;1000;25;31;1;215;66;36;99;99;11;99;11;TRUE;TRUE
348;50000;1000;25;31;1;339;65;43;105;105;10;105;9;FALSE;FALSE
349;50000;1000;25;31;1;46;65;46;48;48;24;48;23;FALSE;FALSE
350;50000;1000;25;31;1;647;327;310;196;196;8;196;8;TRUE;TRUE
351;50000;1000;25;31;1;69;69;69;51;51;11;51;11;TRUE;TRUE
352;50000;1000;25;31;1;146;136;129;86;86;17;86;17;TRUE;TRUE
353;50000;1000;50;10;1;14;14;14;30;30;7;30;7;TRUE;TRUE
354;50000;1000;50;10;1;16;19;16;13;13;5;13;5;TRUE;TRUE
355;50000;1000;50;10;1;3;3;3;3;3;1;3;1;TRUE;TRUE
356;50000;1000;50;10;1;43;43;41;70;70;7;70;6;FALSE;FALSE
357;50000;1000;50;10;1;10;12;10;19;19;4;19;4;TRUE;TRUE
358;50000;1000;50;10;1;2;2;2;3;3;1;3;1;TRUE;TRUE
359;50000;1000;50;10;1;4;4;4;6;6;2;6;1;FALSE;FALSE
360;50000;1000;50;10;1;11;11;11;21;21;3;21;3;TRUE;TRUE
361;50000;1000;50;10;1;25;25;25;45;45;8;45;7;FALSE;FALSE
362;50000;1000;50;10;1;14;14;10;24;24;4;24;3;FALSE;FALSE
363;50000;1000;50;10;1;32;19;13;23;23;3;23;3;TRUE;TRUE
364;50000;1000;50;10;1;4;4;4;12;12;3;12;3;TRUE;TRUE
365;50000;1000;50;10;1;18;18;17;44;44;5;44;4;FALSE;FALSE
366;50000;1000;50;10;1;9;9;9;18;18;3;18;2;FALSE;FALSE
367;50000;1000;50;10;1;10;10;9;18;18;2;18;1;FALSE;FALSE
368;50000;1000;50;10;1;3;3;3;3;3;1;3;1;TRUE;TRUE
369;50000;1000;50;11;1;9;9;8;17;17;3;17;3;TRUE;TRUE
370;50000;1000;50;11;1;14;14;14;15;15;3;15;3;TRUE;TRUE
371;50000;1000;50;11;1;10;10;10;28;28;5;28;5;TRUE;TRUE
372;50000;1000;50;11;1;27;25;25;52;52;7;52;6;FALSE;FALSE
373;50000;1000;50;11;1;6;6;6;3;3;1;3;1;TRUE;TRUE
374;50000;1000;50;11;1;8;8;8;15;15;4;15;3;FALSE;FALSE
375;50000;1000;50;11;1;9;9;9;12;12;4;12;3;FALSE;FALSE
376;50000;1000;50;11;1;6;6;6;12;12;4;12;3;FALSE;FALSE
377;50000;1000;50;11;1;66;27;25;43;43;7;43;6;FALSE;FALSE
378;50000;1000;50;11;1;4;4;4;6;6;2;6;1;FALSE;FALSE
379;50000;1000;50;11;1;6;6;6;15;15;2;15;1;FALSE;FALSE
380;50000;1000;50;11;1;26;9;9;16;16;5;16;5;TRUE;TRUE
381;50000;1000;50;11;1;31;27;15;21;21;6;21;5;FALSE;FALSE
382;50000;1000;50;11;1;27;22;22;49;49;7;49;6;FALSE;FALSE
383;50000;1000;50;11;1;8;8;8;9;9;3;9;3;TRUE;TRUE
384;50000;1000;50;11;1;38;34;34;50;50;7;50;7;TRUE;TRUE
385;50000;1000;50;12;1;225;176;144;226;226;9;226;8;FALSE;FALSE
386;50000;1000;50;12;1;4;4;4;3;3;1;3;1;TRUE;TRUE
387;50000;1000;50;12;1;14;14;14;21;21;3;21;2;FALSE;FALSE
388;50000;1000;50;12;1;13;13;13;15;15;8;15;8;TRUE;TRUE
389;50000;1000;50;12;1;106;119;63;106;106;5;106;4;FALSE;FALSE
390;50000;1000;50;12;1;40;26;12;43;43;4;43;4;TRUE;TRUE
391;50000;1000;50;12;1;20;23;20;52;52;5;52;4;FALSE;FALSE
392;50000;1000;50;12;1;21;11;11;16;16;6;16;6;TRUE;TRUE
393;50000;1000;50;12;1;43;15;15;27;27;2;27;2;TRUE;TRUE
394;50000;1000;50;12;1;33;33;33;33;33;9;33;8;FALSE;FALSE
395;50000;1000;50;12;1;25;15;12;29;29;4;29;3;FALSE;FALSE
396;50000;1000;50;12;1;2;2;2;3;3;1;3;1;TRUE;TRUE
397;50000;1000;50;12;1;61;25;19;35;35;8;35;8;TRUE;TRUE
398;50000;1000;50;12;1;59;16;16;28;28;7;28;6;FALSE;FALSE
399;50000;1000;50;12;1;2;2;2;6;6;2;6;1;FALSE;FALSE
400;50000;1000;50;12;1;20;11;11;29;29;7;29;6;FALSE;FALSE
401;50000;1000;50;13;1;12;20;12;15;15;10;15;9;FALSE;FALSE
402;50000;1000;50;13;1;9;9;7;10;10;2;10;2;TRUE;TRUE
403;50000;1000;50;13;1;4;4;4;9;9;5;9;4;FALSE;FALSE
404;50000;1000;50;13;1;126;83;72;125;125;10;125;9;FALSE;FALSE
405;50000;1000;50;13;1;53;43;43;94;94;8;94;7;FALSE;FALSE
406;50000;1000;50;13;1;101;49;17;51;51;3;51;3;TRUE;TRUE
407;50000;1000;50;13;1;7;9;6;9;9;2;9;2;TRUE;TRUE
408;50000;1000;50;13;1;8;8;8;21;21;4;21;3;FALSE;FALSE
409;50000;1000;50;13;1;8;8;8;24;24;3;24;2;FALSE;FALSE
410;50000;1000;50;13;1;13;17;13;10;10;4;10;4;TRUE;TRUE
411;50000;1000;50;13;1;4;4;4;6;6;4;6;3;FALSE;FALSE
412;50000;1000;50;13;1;68;53;18;57;57;4;57;4;TRUE;TRUE
413;50000;1000;50;13;1;20;30;20;30;30;2;30;1;FALSE;FALSE
414;50000;1000;50;13;1;26;25;23;58;58;5;58;4;FALSE;FALSE
415;50000;1000;50;13;1;44;42;40;44;44;3;44;2;FALSE;FALSE
416;50000;1000;50;13;1;2;2;2;6;6;2;6;2;TRUE;TRUE
417;50000;1000;50;14;1;13;13;13;9;9;4;9;4;TRUE;TRUE
418;50000;1000;50;14;1;83;43;41;93;93;5;93;4;FALSE;FALSE
419;50000;1000;50;14;1;56;48;46;125;125;4;125;3;FALSE;FALSE
420;50000;1000;50;14;1;78;78;78;90;90;5;90;5;TRUE;TRUE
421;50000;1000;50;14;1;5;5;5;9;9;3;9;2;FALSE;FALSE
422;50000;1000;50;14;1;65;23;21;53;53;9;53;8;FALSE;FALSE
423;50000;1000;50;14;1;14;14;14;12;12;6;12;5;FALSE;FALSE
424;50000;1000;50;14;1;8;8;8;21;21;9;21;8;FALSE;FALSE
425;50000;1000;50;14;1;12;12;12;9;9;6;9;5;FALSE;FALSE
426;50000;1000;50;14;1;53;18;18;45;45;9;45;8;FALSE;FALSE
427;50000;1000;50;14;1;6;6;6;15;15;4;15;4;TRUE;TRUE
428;50000;1000;50;14;1;3;3;3;3;3;1;3;1;TRUE;TRUE
429;50000;1000;50;14;1;14;12;10;22;22;4;22;3;FALSE;FALSE
430;50000;1000;50;14;1;79;60;54;115;115;5;115;5;TRUE;TRUE
431;50000;1000;50;14;1;24;35;21;36;36;4;36;4;TRUE;TRUE
432;50000;1000;50;14;1;50;56;50;44;44;8;44;8;TRUE;TRUE
433;50000;1000;50;15;1;23;23;23;30;30;6;30;5;FALSE;FALSE
434;50000;1000;50;15;1;13;11;7;17;17;3;17;3;TRUE;TRUE
435;50000;1000;50;15;1;17;17;17;33;33;3;33;3;TRUE;TRUE
436;50000;1000;50;15;1;47;38;27;33;33;5;33;5;TRUE;TRUE
437;50000;1000;50;15;1;5;5;5;6;6;2;6;1;FALSE;FALSE
438;50000;1000;50;15;1;29;23;23;53;53;6;53;5;FALSE;FALSE
439;50000;1000;50;15;1;14;14;14;12;12;10;12;9;FALSE;FALSE
440;50000;1000;50;15;1;37;27;17;34;34;5;34;5;TRUE;TRUE
441;50000;1000;50;15;1;11;11;11;15;15;4;15;3;FALSE;FALSE
442;50000;1000;50;15;1;12;12;12;15;15;8;15;8;TRUE;TRUE
443;50000;1000;50;15;1;44;32;27;62;62;4;62;3;FALSE;FALSE
444;50000;1000;50;15;1;232;93;61;175;175;11;175;10;FALSE;FALSE
445;50000;1000;50;15;1;10;10;10;24;24;4;24;3;FALSE;FALSE
446;50000;1000;50;15;1;63;12;7;36;36;2;36;2;TRUE;TRUE
447;50000;1000;50;15;1;15;15;15;12;12;6;12;6;TRUE;TRUE
448;50000;1000;50;15;1;19;12;12;25;25;7;25;7;TRUE;TRUE
449;50000;1000;50;16;1;33;35;33;25;25;12;25;11;FALSE;FALSE
450;50000;1000;50;16;1;264;180;123;297;297;11;297;10;FALSE;FALSE
451;50000;1000;50;16;1;5;5;5;6;6;11;6;11;TRUE;TRUE
452;50000;1000;50;16;1;10;10;10;18;18;12;18;11;FALSE;FALSE
453;50000;1000;50;16;1;15;15;15;45;45;4;45;3;FALSE;FALSE
454;50000;1000;50;16;1;15;15;15;30;30;3;30;2;FALSE;FALSE
455;50000;1000;50;16;1;43;13;9;29;29;8;29;8;TRUE;TRUE
456;50000;1000;50;16;1;35;22;20;37;37;3;37;3;TRUE;TRUE
457;50000;1000;50;16;1;53;26;24;29;29;4;29;3;FALSE;FALSE
458;50000;1000;50;16;1;49;16;16;38;38;7;38;7;TRUE;TRUE
459;50000;1000;50;16;1;24;25;24;48;48;2;48;1;FALSE;FALSE
460;50000;1000;50;16;1;34;15;15;43;43;3;43;2;FALSE;FALSE
461;50000;1000;50;16;1;107;84;75;120;120;4;120;3;FALSE;FALSE
462;50000;1000;50;16;1;70;29;29;41;41;2;41;2;TRUE;TRUE
463;50000;1000;50;16;1;28;46;14;34;34;5;34;4;FALSE;FALSE
464;50000;1000;50;16;1;87;93;87;104;104;10;104;10;TRUE;TRUE
465;50000;1000;50;17;1;29;29;29;54;54;10;54;9;FALSE;FALSE
466;50000;1000;50;17;1;98;10;10;92;92;2;92;2;TRUE;TRUE
467;50000;1000;50;17;1;21;20;13;49;49;4;49;3;FALSE;FALSE
468;50000;1000;50;17;1;28;24;16;47;47;2;47;1;FALSE;FALSE
469;50000;1000;50;17;1;52;34;26;51;51;4;51;4;TRUE;TRUE
470;50000;1000;50;17;1;281;167;120;230;230;6;230;5;FALSE;FALSE
471;50000;1000;50;17;1;302;222;112;161;161;11;161;11;TRUE;TRUE
472;50000;1000;50;17;1;144;87;78;71;71;6;71;6;TRUE;TRUE
473;50000;1000;50;17;1;5;5;5;3;3;1;3;1;TRUE;TRUE
474;50000;1000;50;17;1;55;55;55;42;42;6;42;5;FALSE;FALSE
475;50000;1000;50;17;1;10;10;10;18;18;3;18;3;TRUE;TRUE
476;50000;1000;50;17;1;10;10;10;12;12;9;12;9;TRUE;TRUE
477;50000;1000;50;17;1;27;9;9;24;24;6;24;5;FALSE;FALSE
478;50000;1000;50;17;1;39;39;39;72;72;3;72;2;FALSE;FALSE
479;50000;1000;50;17;1;45;50;45;43;43;11;43;10;FALSE;FALSE
480;50000;1000;50;17;1;31;29;29;38;38;3;38;2;FALSE;FALSE
481;50000;1000;50;18;1;7;7;7;6;6;9;6;8;FALSE;FALSE
482;50000;1000;50;18;1;15;15;15;24;24;6;24;6;TRUE;TRUE
483;50000;1000;50;18;1;179;155;155;222;222;10;222;9;FALSE;FALSE
484;50000;1000;50;18;1;5;5;5;6;6;5;6;4;FALSE;FALSE
485;50000;1000;50;18;1;76;80;60;107;107;4;107;3;FALSE;FALSE
486;50000;1000;50;18;1;37;37;37;30;30;6;30;5;FALSE;FALSE
487;50000;1000;50;18;1;9;9;9;9;9;5;9;4;FALSE;FALSE
488;50000;1000;50;18;1;230;214;130;171;171;9;171;9;TRUE;TRUE
489;50000;1000;50;18;1;108;80;79;116;116;3;116;2;FALSE;FALSE
490;50000;1000;50;18;1;114;70;70;143;143;9;143;8;FALSE;FALSE
491;50000;1000;50;18;1;50;50;50;73;73;6;73;5;FALSE;FALSE
492;50000;1000;50;18;1;38;43;23;31;31;4;31;4;TRUE;TRUE
493;50000;1000;50;18;1;262;72;50;154;154;3;154;3;TRUE;TRUE
494;50000;1000;50;18;1;27;32;25;32;32;3;32;2;FALSE;FALSE
495;50000;1000;50;18;1;164;76;58;65;65;6;65;6;TRUE;TRUE
496;50000;1000;50;18;1;8;8;8;12;12;3;12;2;FALSE;FALSE
497;50000;1000;50;19;1;27;27;27;21;21;15;21;14;FALSE;FALSE
498;50000;1000;50;19;1;102;23;23;104;104;5;104;4;FALSE;FALSE
499;50000;1000;50;19;1;124;98;86;111;111;9;111;8;FALSE;FALSE
500;50000;1000;50;19;1;29;29;29;27;27;2;27;1;FALSE;FALSE
501;50000;1000;50;19;1;11;21;11;22;22;2;22;1;FALSE;FALSE
502;50000;1000;50;19;1;70;70;70;102;102;8;102;7;FALSE;FALSE
503;50000;1000;50;19;1;8;8;8;3;3;1;3;1;TRUE;TRUE
504;50000;1000;50;19;1;1;1;1;3;3;1;3;1;TRUE;TRUE
505;50000;1000;50;19;1;5;8;5;10;10;2;10;1;FALSE;FALSE
506;50000;1000;50;19;1;21;19;18;18;18;10;18;10;TRUE;TRUE
507;50000;1000;50;19;1;7;7;7;3;3;1;3;1;TRUE;TRUE
508;50000;1000;50;19;1;184;68;41;103;103;6;103;5;FALSE;FALSE
509;50000;1000;50;19;1;19;19;19;21;21;10;21;9;FALSE;FALSE
510;50000;1000;50;19;1;16;16;16;12;12;13;12;13;TRUE;TRUE
511;50000;1000;50;19;1;11;11;11;21;21;3;21;2;FALSE;FALSE
512;50000;1000;50;19;1;17;39;17;28;28;7;28;7;TRUE;TRUE
513;50000;1000;50;20;1;91;91;91;93;93;7;93;7;TRUE;TRUE
514;50000;1000;50;20;1;8;8;7;11;11;7;11;6;FALSE;FALSE
515;50000;1000;50;20;1;678;197;169;162;162;17;162;17;TRUE;TRUE
516;50000;1000;50;20;1;30;25;24;53;53;2;53;1;FALSE;FALSE
517;50000;1000;50;20;1;100;77;77;186;186;9;186;8;FALSE;FALSE
518;50000;1000;50;20;1;15;19;12;21;21;6;21;5;FALSE;FALSE
519;50000;1000;50;20;1;218;163;39;102;102;7;102;7;TRUE;TRUE
520;50000;1000;50;20;1;67;73;49;61;61;8;61;8;TRUE;TRUE
521;50000;1000;50;20;1;27;11;11;25;25;2;25;2;TRUE;TRUE
522;50000;1000;50;20;1;52;41;29;34;34;9;34;9;TRUE;TRUE
523;50000;1000;50;20;1;37;25;25;61;61;8;61;7;FALSE;FALSE
524;50000;1000;50;20;1;664;546;350;621;621;14;621;14;TRUE;TRUE
525;50000;1000;50;20;1;22;22;22;30;30;8;30;7;FALSE;FALSE
526;50000;1000;50;20;1;2;2;2;6;6;2;6;1;FALSE;FALSE
527;50000;1000;50;20;1;15;15;15;30;30;5;30;5;TRUE;TRUE
528;50000;1000;50;20;1;26;34;19;32;32;3;32;3;TRUE;TRUE
529;50000;1000;50;21;1;7;7;7;9;9;6;9;6;TRUE;TRUE
530;50000;1000;50;21;1;27;12;12;26;26;11;26;10;FALSE;FALSE
531;50000;1000;50;21;1;176;49;49;140;140;9;140;8;FALSE;FALSE
532;50000;1000;50;21;1;389;181;181;254;254;5;254;5;TRUE;TRUE
533;50000;1000;50;21;1;1;1;1;3;3;1;3;1;TRUE;TRUE
534;50000;1000;50;21;1;70;66;63;57;57;5;57;4;FALSE;FALSE
535;50000;1000;50;21;1;51;54;51;81;81;2;81;1;FALSE;FALSE
536;50000;1000;50;21;1;664;435;268;525;525;12;525;11;FALSE;FALSE
537;50000;1000;50;21;1;41;39;38;76;76;4;76;3;FALSE;FALSE
538;50000;1000;50;21;1;23;16;10;14;14;2;14;2;TRUE;TRUE
539;50000;1000;50;21;1;37;31;29;65;65;5;65;4;FALSE;FALSE
540;50000;1000;50;21;1;204;121;82;178;178;7;178;6;FALSE;FALSE
541;50000;1000;50;21;1;85;115;21;57;57;3;57;3;TRUE;TRUE
542;50000;1000;50;21;1;46;48;46;52;52;15;52;14;FALSE;FALSE
543;50000;1000;50;21;1;30;33;30;30;30;12;30;11;FALSE;FALSE
544;50000;1000;50;21;1;418;20;20;262;262;7;262;6;FALSE;FALSE
545;50000;1000;50;22;1;68;50;35;78;78;6;78;5;FALSE;FALSE
546;50000;1000;50;22;1;12;12;12;12;12;3;12;3;TRUE;TRUE
547;50000;1000;50;22;1;4;4;4;3;3;1;3;1;TRUE;TRUE
548;50000;1000;50;22;1;230;57;53;158;158;10;158;10;TRUE;TRUE
549;50000;1000;50;22;1;10;10;10;6;6;5;6;5;TRUE;TRUE
550;50000;1000;50;22;1;75;58;28;84;84;6;84;5;FALSE;FALSE
551;50000;1000;50;22;1;11;11;11;18;18;3;18;2;FALSE;FALSE
552;50000;1000;50;22;1;12;12;12;9;9;9;9;8;FALSE;FALSE
553;50000;1000;50;22;1;755;359;286;554;554;19;554;18;FALSE;FALSE
554;50000;1000;50;22;1;60;50;31;73;73;8;73;7;FALSE;FALSE
555;50000;1000;50;22;1;193;86;70;98;98;3;98;2;FALSE;FALSE
556;50000;1000;50;22;1;5;5;5;8;8;2;8;2;TRUE;TRUE
557;50000;1000;50;22;1;18;27;18;14;14;3;14;3;TRUE;TRUE
558;50000;1000;50;22;1;9;13;9;11;11;3;11;3;TRUE;TRUE
559;50000;1000;50;22;1;7;7;7;3;3;1;3;1;TRUE;TRUE
560;50000;1000;50;22;1;16;16;16;9;9;6;9;6;TRUE;TRUE
561;50000;1000;50;23;1;49;49;49;51;51;14;51;13;FALSE;FALSE
562;50000;1000;50;23;1;38;16;11;42;42;4;42;4;TRUE;TRUE
563;50000;1000;50;23;1;46;69;23;43;43;9;43;9;TRUE;TRUE
564;50000;1000;50;23;1;183;109;85;73;73;15;73;15;TRUE;TRUE
565;50000;1000;50;23;1;22;22;22;45;45;2;45;1;FALSE;FALSE
566;50000;1000;50;23;1;2;2;2;3;3;1;3;1;TRUE;TRUE
567;50000;1000;50;23;1;130;105;92;113;113;12;113;11;FALSE;FALSE
568;50000;1000;50;23;1;18;17;14;20;20;13;20;12;FALSE;FALSE
569;50000;1000;50;23;1;55;66;28;52;52;5;52;4;FALSE;FALSE
570;50000;1000;50;23;1;338;74;64;181;181;9;181;9;TRUE;TRUE
571;50000;1000;50;23;1;23;23;23;24;24;2;24;1;FALSE;FALSE
572;50000;1000;50;23;1;68;46;22;40;40;5;40;5;TRUE;TRUE
573;50000;1000;50;23;1;35;90;35;32;32;13;32;13;TRUE;TRUE
574;50000;1000;50;23;1;5;5;5;6;6;11;6;10;FALSE;FALSE
575;50000;1000;50;23;1;173;39;39;102;102;13;102;13;TRUE;TRUE
576;50000;1000;50;23;1;106;98;83;83;83;9;83;9;TRUE;TRUE
577;50000;1000;50;24;1;208;208;208;231;231;11;231;10;FALSE;FALSE
578;50000;1000;50;24;1;154;69;35;137;137;6;137;5;FALSE;FALSE
579;50000;1000;50;24;1;70;37;18;33;33;2;33;2;TRUE;TRUE
580;50000;1000;50;24;1;107;44;15;35;35;2;35;2;TRUE;TRUE
581;50000;1000;50;24;1;18;19;18;22;22;8;22;7;FALSE;FALSE
582;50000;1000;50;24;1;129;33;27;94;94;3;94;3;TRUE;TRUE
583;50000;1000;50;24;1;1354;572;496;965;965;8;965;7;FALSE;FALSE
584;50000;1000;50;24;1;62;84;58;50;50;16;50;16;TRUE;TRUE
585;50000;1000;50;24;1;445;250;244;257;257;14;257;13;FALSE;FALSE
586;50000;1000;50;24;1;2;2;2;3;3;1;3;1;TRUE;TRUE
587;50000;1000;50;24;1;8;8;8;12;12;4;12;4;TRUE;TRUE
588;50000;1000;50;24;1;159;97;32;75;75;10;75;10;TRUE;TRUE
589;50000;1000;50;24;1;225;136;72;142;142;9;142;8;FALSE;FALSE
590;50000;1000;50;24;1;92;104;83;95;95;8;95;7;FALSE;FALSE
591;50000;1000;50;24;1;35;25;22;36;36;7;36;6;FALSE;FALSE
592;50000;1000;50;24;1;180;91;84;156;156;3;156;3;TRUE;TRUE
593;50000;1000;50;25;1;62;62;62;27;27;19;27;18;FALSE;FALSE
594;50000;1000;50;25;1;23;29;18;27;27;3;27;3;TRUE;TRUE
595;50000;1000;50;25;1;151;151;151;147;147;12;147;11;FALSE;FALSE
596;50000;1000;50;25;1;1926;428;282;755;755;17;755;16;FALSE;FALSE
597;50000;1000;50;25;1;19;23;19;19;19;7;19;6;FALSE;FALSE
598;50000;1000;50;25;1;135;58;26;94;94;11;94;10;FALSE;FALSE
599;50000;1000;50;25;1;5;5;5;3;3;1;3;1;TRUE;TRUE
600;50000;1000;50;25;1;5;5;5;3;3;1;3;1;TRUE;TRUE
601;50000;1000;50;25;1;242;242;242;174;174;14;174;13;FALSE;FALSE
602;50000;1000;50;25;1;52;33;26;73;73;5;73;5;TRUE;TRUE
603;50000;1000;50;25;1;29;37;29;29;29;16;29;15;FALSE;FALSE
604;50000;1000;50;25;1;222;28;26;123;123;9;123;8;FALSE;FALSE
605;50000;1000;50;25;1;34;35;17;32;32;5;32;5;TRUE;TRUE
606;50000;1000;50;25;1;1165;713;601;734;734;17;734;16;FALSE;FALSE
607;50000;1000;50;25;1;974;209;181;232;232;10;232;10;TRUE;TRUE
608;50000;1000;50;25;1;31;31;31;60;60;4;60;3;FALSE;FALSE
609;50000;1000;50;26;1;5;5;5;9;9;6;9;6;TRUE;TRUE
610;50000;1000;50;26;1;10;10;10;21;21;3;21;2;FALSE;FALSE
611;50000;1000;50;26;1;2211;138;132;945;945;11;945;10;FALSE;FALSE
612;50000;1000;50;26;1;256;260;256;208;208;12;208;11;FALSE;FALSE
613;50000;1000;50;26;1;55;52;52;83;83;3;83;3;TRUE;TRUE
614;50000;1000;50;26;1;92;15;13;47;47;3;47;3;TRUE;TRUE
615;50000;1000;50;26;1;98;59;59;72;72;2;72;1;FALSE;FALSE
616;50000;1000;50;26;1;178;75;63;135;135;6;135;6;TRUE;TRUE
617;50000;1000;50;26;1;111;113;94;130;130;6;130;5;FALSE;FALSE
618;50000;1000;50;26;1;68;97;68;33;33;16;33;16;TRUE;TRUE
619;50000;1000;50;26;1;52;55;52;63;63;8;63;8;TRUE;TRUE
620;50000;1000;50;26;1;170;76;47;166;166;6;166;6;TRUE;TRUE
621;50000;1000;50;26;1;1;1;1;3;3;1;3;1;TRUE;TRUE
622;50000;1000;50;26;1;127;18;11;75;75;2;75;2;TRUE;TRUE
623;50000;1000;50;26;1;186;207;71;68;68;21;68;21;TRUE;TRUE
624;50000;1000;50;26;1;848;561;372;648;648;3;648;2;FALSE;FALSE
625;50000;1000;50;27;1;535;164;162;327;327;13;327;12;FALSE;FALSE
626;50000;1000;50;27;1;347;143;91;143;143;15;143;15;TRUE;TRUE
627;50000;1000;50;27;1;187;186;81;110;110;11;110;10;FALSE;FALSE
628;50000;1000;50;27;1;163;126;125;195;195;2;195;1;FALSE;FALSE
629;50000;1000;50;27;1;138;77;37;95;95;4;95;3;FALSE;FALSE
630;50000;1000;50;27;1;147;87;75;176;176;9;176;8;FALSE;FALSE
631;50000;1000;50;27;1;538;287;144;280;280;11;280;11;TRUE;TRUE
632;50000;1000;50;27;1;5;5;5;3;3;1;3;1;TRUE;TRUE
633;50000;1000;50;27;1;39;55;39;46;46;13;46;12;FALSE;FALSE
634;50000;1000;50;27;1;582;270;111;262;262;19;262;19;TRUE;TRUE
635;50000;1000;50;27;1;435;86;58;210;210;9;210;8;FALSE;FALSE
636;50000;1000;50;27;1;84;76;54;80;80;7;80;7;TRUE;TRUE
637;50000;1000;50;27;1;5;5;5;3;3;1;3;1;TRUE;TRUE
638;50000;1000;50;27;1;112;92;43;90;90;2;90;1;FALSE;FALSE
639;50000;1000;50;27;1;362;278;219;215;215;13;215;13;TRUE;TRUE
640;50000;1000;50;27;1;35;65;35;48;48;8;48;7;FALSE;FALSE
641;50000;1000;50;28;1;46;46;46;57;57;7;57;7;TRUE;TRUE
642;50000;1000;50;28;1;477;246;246;385;385;18;385;18;TRUE;TRUE
643;50000;1000;50;28;1;669;289;119;220;220;10;220;9;FALSE;FALSE
644;50000;1000;50;28;1;158;180;158;100;100;13;100;13;TRUE;TRUE
645;50000;1000;50;28;1;95;95;95;75;75;10;75;9;FALSE;FALSE
646;50000;1000;50;28;1;83;44;20;50;50;3;50;2;FALSE;FALSE
647;50000;1000;50;28;1;19;19;19;12;12;3;12;3;TRUE;TRUE
648;50000;1000;50;28;1;41;57;35;48;48;6;48;6;TRUE;TRUE
649;50000;1000;50;28;1;43;56;43;48;48;6;48;6;TRUE;TRUE
650;50000;1000;50;28;1;23;23;23;24;24;10;24;9;FALSE;FALSE
651;50000;1000;50;28;1;591;618;527;787;787;7;787;6;FALSE;FALSE
652;50000;1000;50;28;1;102;39;18;80;80;15;80;14;FALSE;FALSE
653;50000;1000;50;28;1;386;70;65;271;271;14;271;13;FALSE;FALSE
654;50000;1000;50;28;1;1930;606;606;1587;1587;5;1587;4;FALSE;FALSE
655;50000;1000;50;28;1;261;77;77;102;102;20;102;19;FALSE;FALSE
656;50000;1000;50;28;1;326;275;160;393;393;6;393;6;TRUE;TRUE
657;50000;1000;50;29;1;418;182;182;183;183;18;183;18;TRUE;TRUE
658;50000;1000;50;29;1;14;14;14;15;15;5;15;4;FALSE;FALSE
659;50000;1000;50;29;1;410;47;47;203;203;21;203;20;FALSE;FALSE
660;50000;1000;50;29;1;1394;267;267;589;589;5;589;4;FALSE;FALSE
661;50000;1000;50;29;1;61;58;46;38;38;5;38;5;TRUE;TRUE
662;50000;1000;50;29;1;1139;31;22;448;448;7;448;7;TRUE;TRUE
663;50000;1000;50;29;1;14;14;14;21;21;12;21;11;FALSE;FALSE
664;50000;1000;50;29;1;42;44;42;37;37;6;37;5;FALSE;FALSE
665;50000;1000;50;29;1;1630;1053;481;885;885;12;885;11;FALSE;FALSE
666;50000;1000;50;29;1;8;19;8;9;9;2;9;2;TRUE;TRUE
667;50000;1000;50;29;1;101;57;24;66;66;6;66;5;FALSE;FALSE
668;50000;1000;50;29;1;168;70;38;66;66;12;66;12;TRUE;TRUE
669;50000;1000;50;29;1;503;271;222;353;353;13;353;12;FALSE;FALSE
670;50000;1000;50;29;1;13;16;13;10;10;3;10;3;TRUE;TRUE
671;50000;1000;50;29;1;92;42;33;63;63;4;63;3;FALSE;FALSE
672;50000;1000;50;29;1;180;74;65;116;116;18;116;18;TRUE;TRUE
673;50000;1000;50;30;1;325;146;139;384;384;12;384;12;TRUE;TRUE
674;50000;1000;50;30;1;127;68;57;173;173;5;173;4;FALSE;FALSE
675;50000;1000;50;30;1;11;11;11;12;12;3;12;3;TRUE;TRUE
676;50000;1000;50;30;1;38;38;38;33;33;12;33;11;FALSE;FALSE
677;50000;1000;50;30;1;46;53;46;38;38;10;38;10;TRUE;TRUE
678;50000;1000;50;30;1;6875;662;342;3394;3394;9;3394;8;FALSE;FALSE
679;50000;1000;50;30;1;59;59;59;60;60;4;60;3;FALSE;FALSE
680;50000;1000;50;30;1;26;13;13;31;31;8;31;7;FALSE;FALSE
681;50000;1000;50;30;1;17;17;17;21;21;13;21;12;FALSE;FALSE
682;50000;1000;50;30;1;455;72;72;268;268;10;268;9;FALSE;FALSE
683;50000;1000;50;30;1;1050;302;302;406;406;9;406;9;TRUE;TRUE
684;50000;1000;50;30;1;346;50;19;234;234;4;234;4;TRUE;TRUE
685;50000;1000;50;30;1;525;131;95;304;304;13;304;12;FALSE;FALSE
686;50000;1000;50;30;1;1253;689;498;751;751;17;751;16;FALSE;FALSE
687;50000;1000;50;30;1;80;50;43;60;60;12;60;12;TRUE;TRUE
688;50000;1000;50;30;1;3025;335;325;1204;1204;13;1204;12;FALSE;FALSE
689;50000;1000;50;31;1;830;478;248;632;632;11;632;10;FALSE;FALSE
690;50000;1000;50;31;1;46;46;46;36;36;6;36;5;FALSE;FALSE
691;50000;1000;50;31;1;147;30;22;71;71;13;71;12;FALSE;FALSE
692;50000;1000;50;31;1;8;8;8;6;6;7;6;7;TRUE;TRUE
693;50000;1000;50;31;1;6;6;6;3;3;1;3;1;TRUE;TRUE
694;50000;1000;50;31;1;36;16;16;45;45;3;45;2;FALSE;FALSE
695;50000;1000;50;31;1;5;10;5;8;8;2;8;2;TRUE;TRUE
696;50000;1000;50;31;1;698;310;185;407;407;2;407;1;FALSE;FALSE
697;50000;1000;50;31;1;388;181;162;275;275;14;275;14;TRUE;TRUE
698;50000;1000;50;31;1;294;99;99;201;201;8;201;7;FALSE;FALSE
699;50000;1000;50;31;1;124;125;74;79;79;14;79;14;TRUE;TRUE
700;50000;1000;50;31;1;132;19;16;96;96;9;96;8;FALSE;FALSE
701;50000;1000;50;31;1;65;32;27;65;65;7;65;6;FALSE;FALSE
702;50000;1000;50;31;1;1064;198;165;421;421;3;421;2;FALSE;FALSE
703;50000;1000;50;31;1;794;87;84;364;364;15;364;14;FALSE;FALSE
704;50000;1000;50;31;1;122;61;48;80;80;5;80;4;FALSE;FALSE
705;50000;1000;75;10;1;8;10;8;16;16;5;16;4;FALSE;FALSE
706;50000;1000;75;10;1;8;8;8;15;15;5;15;5;TRUE;TRUE
707;50000;1000;75;10;1;10;7;7;21;21;7;21;7;TRUE;TRUE
708;50000;1000;75;10;1;6;6;6;18;18;3;18;2;FALSE;FALSE
709;50000;1000;75;10;1;2;2;2;3;3;1;3;1;TRUE;TRUE
710;50000;1000;75;10;1;5;5;5;9;9;3;9;2;FALSE;FALSE
711;50000;1000;75;10;1;41;43;41;46;46;4;46;4;TRUE;TRUE
712;50000;1000;75;10;1;2;2;2;3;3;1;3;1;TRUE;TRUE
713;50000;1000;75;10;1;9;9;9;24;24;7;24;6;FALSE;FALSE
714;50000;1000;75;10;1;8;8;8;6;6;6;6;6;TRUE;TRUE
715;50000;1000;75;10;1;17;10;10;18;18;5;18;5;TRUE;TRUE
716;50000;1000;75;10;1;1;1;1;3;3;1;3;1;TRUE;TRUE
717;50000;1000;75;10;1;12;9;9;17;17;4;17;4;TRUE;TRUE
718;50000;1000;75;10;1;1;1;1;3;3;1;3;1;TRUE;TRUE
719;50000;1000;75;10;1;58;25;25;35;35;4;35;4;TRUE;TRUE
720;50000;1000;75;10;1;4;4;4;3;3;1;3;1;TRUE;TRUE
721;50000;1000;75;11;1;4;4;4;3;3;1;3;1;TRUE;TRUE
722;50000;1000;75;11;1;34;22;12;31;31;4;31;3;FALSE;FALSE
723;50000;1000;75;11;1;11;11;11;18;18;5;18;5;TRUE;TRUE
724;50000;1000;75;11;1;4;4;4;3;3;1;3;1;TRUE;TRUE
725;50000;1000;75;11;1;2;2;2;3;3;1;3;1;TRUE;TRUE
726;50000;1000;75;11;1;13;13;13;17;17;6;17;6;TRUE;TRUE
727;50000;1000;75;11;1;26;31;14;22;22;5;22;4;FALSE;FALSE
728;50000;1000;75;11;1;15;15;15;30;30;6;30;6;TRUE;TRUE
729;50000;1000;75;11;1;13;11;11;28;28;6;28;5;FALSE;FALSE
730;50000;1000;75;11;1;15;16;15;28;28;5;28;4;FALSE;FALSE
731;50000;1000;75;11;1;2;2;2;6;6;2;6;2;TRUE;TRUE
732;50000;1000;75;11;1;5;5;5;6;6;7;6;7;TRUE;TRUE
733;50000;1000;75;11;1;10;10;10;18;18;5;18;4;FALSE;FALSE
734;50000;1000;75;11;1;18;21;12;18;18;5;18;5;TRUE;TRUE
735;50000;1000;75;11;1;20;15;13;25;25;5;25;4;FALSE;FALSE
736;50000;1000;75;11;1;20;18;18;28;28;6;28;5;FALSE;FALSE
737;50000;1000;75;12;1;38;36;33;44;44;3;44;3;TRUE;TRUE
738;50000;1000;75;12;1;18;18;18;27;27;9;27;8;FALSE;FALSE
739;50000;1000;75;12;1;29;13;9;21;21;5;21;4;FALSE;FALSE
740;50000;1000;75;12;1;10;13;10;10;10;8;10;7;FALSE;FALSE
741;50000;1000;75;12;1;1;1;1;3;3;1;3;1;TRUE;TRUE
742;50000;1000;75;12;1;50;32;28;68;68;4;68;3;FALSE;FALSE
743;50000;1000;75;12;1;61;44;43;89;89;7;89;6;FALSE;FALSE
744;50000;1000;75;12;1;6;6;6;6;6;5;6;4;FALSE;FALSE
745;50000;1000;75;12;1;21;20;20;40;40;6;40;6;TRUE;TRUE
746;50000;1000;75;12;1;41;25;25;59;59;4;59;3;FALSE;FALSE
747;50000;1000;75;12;1;15;20;12;23;23;5;23;4;FALSE;FALSE
748;50000;1000;75;12;1;1;1;1;3;3;1;3;1;TRUE;TRUE
749;50000;1000;75;12;1;18;25;15;12;12;6;12;5;FALSE;FALSE
750;50000;1000;75;12;1;3;3;3;3;3;1;3;1;TRUE;TRUE
751;50000;1000;75;12;1;22;12;10;16;16;2;16;2;TRUE;TRUE
752;50000;1000;75;12;1;23;23;23;18;18;8;18;8;TRUE;TRUE
753;50000;1000;75;13;1;74;50;16;34;34;11;34;11;TRUE;TRUE
754;50000;1000;75;13;1;47;47;47;130;130;8;130;7;FALSE;FALSE
755;50000;1000;75;13;1;97;79;77;188;188;4;188;3;FALSE;FALSE
756;50000;1000;75;13;1;21;17;17;37;37;10;37;9;FALSE;FALSE
757;50000;1000;75;13;1;7;7;5;8;8;2;8;2;TRUE;TRUE
758;50000;1000;75;13;1;81;26;18;90;90;2;90;2;TRUE;TRUE
759;50000;1000;75;13;1;4;7;4;10;10;3;10;3;TRUE;TRUE
760;50000;1000;75;13;1;132;80;41;72;72;5;72;4;FALSE;FALSE
761;50000;1000;75;13;1;15;15;15;43;43;5;43;5;TRUE;TRUE
762;50000;1000;75;13;1;36;36;36;60;60;4;60;3;FALSE;FALSE
763;50000;1000;75;13;1;64;56;52;109;109;4;109;3;FALSE;FALSE
764;50000;1000;75;13;1;28;15;10;25;25;2;25;1;FALSE;FALSE
765;50000;1000;75;13;1;5;5;5;9;9;2;9;1;FALSE;FALSE
766;50000;1000;75;13;1;25;20;20;42;42;3;42;2;FALSE;FALSE
767;50000;1000;75;13;1;3;7;3;7;7;2;7;2;TRUE;TRUE
768;50000;1000;75;13;1;11;11;11;27;27;4;27;3;FALSE;FALSE
769;50000;1000;75;14;1;25;21;21;17;17;9;17;8;FALSE;FALSE
770;50000;1000;75;14;1;72;33;27;60;60;5;60;4;FALSE;FALSE
771;50000;1000;75;14;1;14;16;8;12;12;2;12;2;TRUE;TRUE
772;50000;1000;75;14;1;218;163;163;287;287;3;287;2;FALSE;FALSE
773;50000;1000;75;14;1;13;19;13;23;23;2;23;1;FALSE;FALSE
774;50000;1000;75;14;1;8;8;8;16;16;9;16;8;FALSE;FALSE
775;50000;1000;75;14;1;27;20;20;37;37;7;37;7;TRUE;TRUE
776;50000;1000;75;14;1;192;87;87;205;205;12;205;11;FALSE;FALSE
777;50000;1000;75;14;1;5;5;5;12;12;4;12;4;TRUE;TRUE
778;50000;1000;75;14;1;88;83;83;95;95;11;95;11;TRUE;TRUE
779;50000;1000;75;14;1;32;26;21;37;37;9;37;8;FALSE;FALSE
780;50000;1000;75;14;1;115;130;113;242;242;10;242;9;FALSE;FALSE
781;50000;1000;75;14;1;137;105;67;87;87;10;87;9;FALSE;FALSE
782;50000;1000;75;14;1;15;10;4;14;14;2;14;2;TRUE;TRUE
783;50000;1000;75;14;1;111;74;74;118;118;4;118;3;FALSE;FALSE
784;50000;1000;75;14;1;11;11;11;15;15;8;15;7;FALSE;FALSE
785;50000;1000;75;15;1;236;88;66;130;130;6;130;6;TRUE;TRUE
786;50000;1000;75;15;1;9;9;9;9;9;9;9;9;TRUE;TRUE
787;50000;1000;75;15;1;16;14;14;28;28;6;28;6;TRUE;TRUE
788;50000;1000;75;15;1;33;18;18;41;41;8;41;8;TRUE;TRUE
789;50000;1000;75;15;1;192;76;38;106;106;5;106;4;FALSE;FALSE
790;50000;1000;75;15;1;40;44;40;31;31;6;31;6;TRUE;TRUE
791;50000;1000;75;15;1;40;32;18;27;27;3;27;3;TRUE;TRUE
792;50000;1000;75;15;1;41;19;19;36;36;4;36;4;TRUE;TRUE
793;50000;1000;75;15;1;4;4;4;3;3;1;3;1;TRUE;TRUE
794;50000;1000;75;15;1;69;71;68;78;78;9;78;9;TRUE;TRUE
795;50000;1000;75;15;1;62;59;56;136;136;4;136;3;FALSE;FALSE
796;50000;1000;75;15;1;29;21;21;40;40;7;40;6;FALSE;FALSE
797;50000;1000;75;15;1;15;15;15;15;15;8;15;7;FALSE;FALSE
798;50000;1000;75;15;1;35;17;17;27;27;5;27;5;TRUE;TRUE
799;50000;1000;75;15;1;37;9;7;27;27;2;27;2;TRUE;TRUE
800;50000;1000;75;15;1;2;2;2;3;3;1;3;1;TRUE;TRUE
801;50000;1000;75;16;1;126;123;114;89;89;5;89;5;TRUE;TRUE
802;50000;1000;75;16;1;35;37;35;75;75;3;75;2;FALSE;FALSE
803;50000;1000;75;16;1;32;36;30;36;36;4;36;4;TRUE;TRUE
804;50000;1000;75;16;1;112;112;112;162;162;8;162;7;FALSE;FALSE
805;50000;1000;75;16;1;16;16;16;18;18;7;18;7;TRUE;TRUE
806;50000;1000;75;16;1;2;2;2;3;3;1;3;1;TRUE;TRUE
807;50000;1000;75;16;1;39;21;21;64;64;11;64;10;FALSE;FALSE
808;50000;1000;75;16;1;44;41;41;89;89;3;89;2;FALSE;FALSE
809;50000;1000;75;16;1;213;210;160;284;284;12;284;11;FALSE;FALSE
810;50000;1000;75;16;1;76;75;67;94;94;8;94;7;FALSE;FALSE
811;50000;1000;75;16;1;40;13;13;48;48;11;48;10;FALSE;FALSE
812;50000;1000;75;16;1;19;26;19;17;17;13;17;13;TRUE;TRUE
813;50000;1000;75;16;1;23;23;19;42;42;4;42;3;FALSE;FALSE
814;50000;1000;75;16;1;10;10;10;16;16;2;16;2;TRUE;TRUE
815;50000;1000;75;16;1;1;1;1;3;3;1;3;1;TRUE;TRUE
816;50000;1000;75;16;1;24;21;21;39;39;7;39;6;FALSE;FALSE
817;50000;1000;75;17;1;181;101;32;71;71;3;71;3;TRUE;TRUE
818;50000;1000;75;17;1;34;27;23;43;43;5;43;4;FALSE;FALSE
819;50000;1000;75;17;1;67;49;29;39;39;9;39;8;FALSE;FALSE
820;50000;1000;75;17;1;18;24;18;38;38;7;38;7;TRUE;TRUE
821;50000;1000;75;17;1;18;20;18;16;16;7;16;7;TRUE;TRUE
822;50000;1000;75;17;1;11;8;6;16;16;3;16;3;TRUE;TRUE
823;50000;1000;75;17;1;2;2;2;3;3;1;3;1;TRUE;TRUE
824;50000;1000;75;17;1;10;19;10;8;8;2;8;2;TRUE;TRUE
825;50000;1000;75;17;1;60;60;60;42;42;11;42;11;TRUE;TRUE
826;50000;1000;75;17;1;41;21;21;51;51;9;51;8;FALSE;FALSE
827;50000;1000;75;17;1;46;15;15;31;31;8;31;8;TRUE;TRUE
828;50000;1000;75;17;1;48;48;48;78;78;4;78;3;FALSE;FALSE
829;50000;1000;75;17;1;22;12;12;38;38;9;38;8;FALSE;FALSE
830;50000;1000;75;17;1;6;9;6;10;10;4;10;3;FALSE;FALSE
831;50000;1000;75;17;1;88;109;60;124;124;11;124;11;TRUE;TRUE
832;50000;1000;75;17;1;3;3;3;3;3;1;3;1;TRUE;TRUE
833;50000;1000;75;18;1;4;4;4;6;6;8;6;7;FALSE;FALSE
834;50000;1000;75;18;1;33;33;33;27;27;12;27;11;FALSE;FALSE
835;50000;1000;75;18;1;13;13;13;9;9;6;9;5;FALSE;FALSE
836;50000;1000;75;18;1;29;25;25;45;45;7;45;6;FALSE;FALSE
837;50000;1000;75;18;1;6;6;6;6;6;9;6;8;FALSE;FALSE
838;50000;1000;75;18;1;88;88;88;63;63;14;63;14;TRUE;TRUE
839;50000;1000;75;18;1;22;17;17;49;49;8;49;8;TRUE;TRUE
840;50000;1000;75;18;1;39;46;39;32;32;7;32;7;TRUE;TRUE
841;50000;1000;75;18;1;185;58;33;98;98;9;98;9;TRUE;TRUE
842;50000;1000;75;18;1;305;102;82;157;157;9;157;9;TRUE;TRUE
843;50000;1000;75;18;1;230;80;30;138;138;6;138;6;TRUE;TRUE
844;50000;1000;75;18;1;122;126;76;136;136;4;136;3;FALSE;FALSE
845;50000;1000;75;18;1;42;22;22;42;42;2;42;1;FALSE;FALSE
846;50000;1000;75;18;1;7;7;7;12;12;11;12;10;FALSE;FALSE
847;50000;1000;75;18;1;117;84;26;79;79;8;79;7;FALSE;FALSE
848;50000;1000;75;18;1;124;82;57;75;75;10;75;9;FALSE;FALSE
849;50000;1000;75;19;1;133;48;43;102;102;5;102;5;TRUE;TRUE
850;50000;1000;75;19;1;5;6;5;7;7;2;7;2;TRUE;TRUE
851;50000;1000;75;19;1;57;132;52;45;45;4;45;4;TRUE;TRUE
852;50000;1000;75;19;1;5;5;5;6;6;2;6;2;TRUE;TRUE
853;50000;1000;75;19;1;94;38;31;63;63;7;63;7;TRUE;TRUE
854;50000;1000;75;19;1;319;136;114;142;142;7;142;6;FALSE;FALSE
855;50000;1000;75;19;1;3;3;3;3;3;1;3;1;TRUE;TRUE
856;50000;1000;75;19;1;156;129;83;121;121;7;121;7;TRUE;TRUE
857;50000;1000;75;19;1;34;46;34;55;55;11;55;10;FALSE;FALSE
858;50000;1000;75;19;1;12;22;12;27;27;4;27;4;TRUE;TRUE
859;50000;1000;75;19;1;75;34;31;78;78;8;78;8;TRUE;TRUE
860;50000;1000;75;19;1;9;9;9;12;12;6;12;5;FALSE;FALSE
861;50000;1000;75;19;1;105;39;39;63;63;5;63;4;FALSE;FALSE
862;50000;1000;75;19;1;1;1;1;3;3;1;3;1;TRUE;TRUE
863;50000;1000;75;19;1;473;422;301;416;416;13;416;13;TRUE;TRUE
864;50000;1000;75;19;1;6;6;6;7;7;2;7;2;TRUE;TRUE
865;50000;1000;75;20;1;270;83;65;100;100;9;100;9;TRUE;TRUE
866;50000;1000;75;20;1;35;23;9;27;27;3;27;3;TRUE;TRUE
867;50000;1000;75;20;1;137;133;96;212;212;9;212;8;FALSE;FALSE
868;50000;1000;75;20;1;44;40;40;61;61;6;61;5;FALSE;FALSE
869;50000;1000;75;20;1;309;36;34;271;271;3;271;3;TRUE;TRUE
870;50000;1000;75;20;1;59;50;34;75;75;6;75;5;FALSE;FALSE
871;50000;1000;75;20;1;91;39;24;64;64;9;64;9;TRUE;TRUE
872;50000;1000;75;20;1;136;99;47;75;75;15;75;15;TRUE;TRUE
873;50000;1000;75;20;1;17;23;17;22;22;2;22;2;TRUE;TRUE
874;50000;1000;75;20;1;75;71;25;58;58;7;58;6;FALSE;FALSE
875;50000;1000;75;20;1;64;25;19;43;43;3;43;3;TRUE;TRUE
876;50000;1000;75;20;1;10;10;10;6;6;12;6;11;FALSE;FALSE
877;50000;1000;75;20;1;16;16;16;36;36;9;36;9;TRUE;TRUE
878;50000;1000;75;20;1;14;23;12;14;14;2;14;2;TRUE;TRUE
879;50000;1000;75;20;1;214;67;65;165;165;7;165;6;FALSE;FALSE
880;50000;1000;75;20;1;12;12;12;27;27;3;27;2;FALSE;FALSE
881;50000;1000;75;21;1;123;55;52;103;103;5;103;4;FALSE;FALSE
882;50000;1000;75;21;1;78;41;19;31;31;3;31;3;TRUE;TRUE
883;50000;1000;75;21;1;25;31;22;44;44;5;44;4;FALSE;FALSE
884;50000;1000;75;21;1;9;9;9;6;6;5;6;5;TRUE;TRUE
885;50000;1000;75;21;1;174;81;68;134;134;7;134;7;TRUE;TRUE
886;50000;1000;75;21;1;7;9;7;7;7;2;7;2;TRUE;TRUE
887;50000;1000;75;21;1;79;62;47;118;118;10;118;9;FALSE;FALSE
888;50000;1000;75;21;1;90;33;10;53;53;5;53;5;TRUE;TRUE
889;50000;1000;75;21;1;19;21;19;31;31;11;31;10;FALSE;FALSE
890;50000;1000;75;21;1;54;48;48;57;57;12;57;11;FALSE;FALSE
891;50000;1000;75;21;1;7;7;7;12;12;6;12;6;TRUE;TRUE
892;50000;1000;75;21;1;235;55;51;169;169;15;169;14;FALSE;FALSE
893;50000;1000;75;21;1;179;83;81;179;179;9;179;8;FALSE;FALSE
894;50000;1000;75;21;1;456;43;43;226;226;6;226;5;FALSE;FALSE
895;50000;1000;75;21;1;61;84;45;71;71;6;71;5;FALSE;FALSE
896;50000;1000;75;21;1;51;43;39;40;40;14;40;13;FALSE;FALSE
897;50000;1000;75;22;1;19;20;19;22;22;2;22;1;FALSE;FALSE
898;50000;1000;75;22;1;649;100;62;288;288;6;288;5;FALSE;FALSE
899;50000;1000;75;22;1;29;29;27;23;23;2;23;1;FALSE;FALSE
900;50000;1000;75;22;1;5;5;5;9;9;18;9;18;TRUE;TRUE
901;50000;1000;75;22;1;978;252;222;503;503;4;503;3;FALSE;FALSE
902;50000;1000;75;22;1;478;193;193;284;284;6;284;5;FALSE;FALSE
903;50000;1000;75;22;1;206;20;20;152;152;14;152;13;FALSE;FALSE
904;50000;1000;75;22;1;8;18;8;11;11;3;11;2;FALSE;FALSE
905;50000;1000;75;22;1;81;81;81;54;54;13;54;12;FALSE;FALSE
906;50000;1000;75;22;1;25;40;25;40;40;4;40;3;FALSE;FALSE
907;50000;1000;75;22;1;162;104;104;88;88;12;88;12;TRUE;TRUE
908;50000;1000;75;22;1;43;28;22;68;68;5;68;4;FALSE;FALSE
909;50000;1000;75;22;1;215;50;15;130;130;13;130;12;FALSE;FALSE
910;50000;1000;75;22;1;18;18;18;21;21;2;21;1;FALSE;FALSE
911;50000;1000;75;22;1;513;136;36;259;259;16;259;15;FALSE;FALSE
912;50000;1000;75;22;1;15;15;15;30;30;2;30;1;FALSE;FALSE
913;50000;1000;75;23;1;34;42;31;24;24;14;24;13;FALSE;FALSE
914;50000;1000;75;23;1;194;23;14;61;61;2;61;2;TRUE;TRUE
915;50000;1000;75;23;1;174;8;8;108;108;7;108;6;FALSE;FALSE
916;50000;1000;75;23;1;4;4;4;3;3;1;3;1;TRUE;TRUE
917;50000;1000;75;23;1;54;58;54;46;46;8;46;7;FALSE;FALSE
918;50000;1000;75;23;1;40;40;40;45;45;11;45;10;FALSE;FALSE
919;50000;1000;75;23;1;255;217;217;376;376;9;376;8;FALSE;FALSE
920;50000;1000;75;23;1;36;33;25;53;53;5;53;5;TRUE;TRUE
921;50000;1000;75;23;1;507;397;209;279;279;7;279;6;FALSE;FALSE
922;50000;1000;75;23;1;132;47;39;106;106;5;106;5;TRUE;TRUE
923;50000;1000;75;23;1;63;13;7;30;30;2;30;2;TRUE;TRUE
924;50000;1000;75;23;1;19;20;19;19;19;8;19;7;FALSE;FALSE
925;50000;1000;75;23;1;255;80;74;107;107;10;107;10;TRUE;TRUE
926;50000;1000;75;23;1;8;8;8;3;3;1;3;1;TRUE;TRUE
927;50000;1000;75;23;1;231;117;50;76;76;4;76;4;TRUE;TRUE
928;50000;1000;75;23;1;57;14;10;43;43;14;43;13;FALSE;FALSE
929;50000;1000;75;24;1;13;17;13;19;19;10;19;9;FALSE;FALSE
930;50000;1000;75;24;1;9;9;9;6;6;2;6;2;TRUE;TRUE
931;50000;1000;75;24;1;49;49;49;78;78;11;78;11;TRUE;TRUE
932;50000;1000;75;24;1;103;46;46;55;55;13;55;12;FALSE;FALSE
933;50000;1000;75;24;1;131;59;46;105;105;13;105;12;FALSE;FALSE
934;50000;1000;75;24;1;74;56;42;54;54;9;54;9;TRUE;TRUE
935;50000;1000;75;24;1;10;10;10;9;9;4;9;3;FALSE;FALSE
936;50000;1000;75;24;1;505;63;41;220;220;16;220;16;TRUE;TRUE
937;50000;1000;75;24;1;187;139;113;242;242;4;242;3;FALSE;FALSE
938;50000;1000;75;24;1;1667;2178;1301;2652;2652;4;2652;3;FALSE;FALSE
939;50000;1000;75;24;1;13;15;9;15;15;3;15;3;TRUE;TRUE
940;50000;1000;75;24;1;264;69;37;169;169;6;169;5;FALSE;FALSE
941;50000;1000;75;24;1;80;74;74;49;49;13;49;12;FALSE;FALSE
942;50000;1000;75;24;1;8;8;8;9;9;9;9;8;FALSE;FALSE
943;50000;1000;75;24;1;374;63;63;235;235;13;235;12;FALSE;FALSE
944;50000;1000;75;24;1;286;79;76;168;168;10;168;9;FALSE;FALSE
945;50000;1000;75;25;1;1088;439;411;725;725;7;725;6;FALSE;FALSE
946;50000;1000;75;25;1;353;237;96;271;271;8;271;7;FALSE;FALSE
947;50000;1000;75;25;1;5;5;5;3;3;1;3;1;TRUE;TRUE
948;50000;1000;75;25;1;21;21;21;18;18;4;18;4;TRUE;TRUE
949;50000;1000;75;25;1;738;45;17;391;391;3;391;3;TRUE;TRUE
950;50000;1000;75;25;1;73;93;31;61;61;7;61;6;FALSE;FALSE
951;50000;1000;75;25;1;108;108;108;72;72;17;72;17;TRUE;TRUE
952;50000;1000;75;25;1;127;18;18;70;70;6;70;6;TRUE;TRUE
953;50000;1000;75;25;1;9;9;9;6;6;20;6;19;FALSE;FALSE
954;50000;1000;75;25;1;128;18;12;86;86;3;86;2;FALSE;FALSE
955;50000;1000;75;25;1;315;105;105;249;249;9;249;8;FALSE;FALSE
956;50000;1000;75;25;1;30;30;30;15;15;13;15;12;FALSE;FALSE
957;50000;1000;75;25;1;426;120;91;212;212;17;212;16;FALSE;FALSE
958;50000;1000;75;25;1;14;14;14;12;12;12;12;11;FALSE;FALSE
959;50000;1000;75;25;1;387;47;38;140;140;10;140;9;FALSE;FALSE
960;50000;1000;75;25;1;154;98;91;149;149;9;149;8;FALSE;FALSE
961;50000;1000;75;26;1;424;142;25;282;282;11;282;10;FALSE;FALSE
962;50000;1000;75;26;1;447;186;186;229;229;14;229;14;TRUE;TRUE
963;50000;1000;75;26;1;14;14;14;12;12;7;12;6;FALSE;FALSE
964;50000;1000;75;26;1;125;46;42;92;92;11;92;10;FALSE;FALSE
965;50000;1000;75;26;1;513;83;50;208;208;9;208;8;FALSE;FALSE
966;50000;1000;75;26;1;30;45;26;32;32;5;32;4;FALSE;FALSE
967;50000;1000;75;26;1;229;174;152;306;306;10;306;9;FALSE;FALSE
968;50000;1000;75;26;1;29;18;18;11;11;2;11;2;TRUE;TRUE
969;50000;1000;75;26;1;5;5;5;3;3;1;3;1;TRUE;TRUE
970;50000;1000;75;26;1;472;383;196;244;244;21;244;20;FALSE;FALSE
971;50000;1000;75;26;1;110;25;21;47;47;10;47;9;FALSE;FALSE
972;50000;1000;75;26;1;996;588;406;709;709;14;709;13;FALSE;FALSE
973;50000;1000;75;26;1;493;294;197;217;217;7;217;7;TRUE;TRUE
974;50000;1000;75;26;1;67;85;52;35;35;8;35;8;TRUE;TRUE
975;50000;1000;75;26;1;6;6;6;9;9;4;9;3;FALSE;FALSE
976;50000;1000;75;26;1;239;134;110;125;125;9;125;9;TRUE;TRUE
977;50000;1000;75;27;1;730;170;131;270;270;13;270;13;TRUE;TRUE
978;50000;1000;75;27;1;375;204;168;226;226;16;226;15;FALSE;FALSE
979;50000;1000;75;27;1;565;161;157;324;324;19;324;18;FALSE;FALSE
980;50000;1000;75;27;1;146;132;85;99;99;11;99;10;FALSE;FALSE
981;50000;1000;75;27;1;558;42;37;188;188;4;188;3;FALSE;FALSE
982;50000;1000;75;27;1;11;24;11;15;15;7;15;7;TRUE;TRUE
983;50000;1000;75;27;1;122;55;55;68;68;13;68;12;FALSE;FALSE
984;50000;1000;75;27;1;394;214;209;352;352;14;352;14;TRUE;TRUE
985;50000;1000;75;27;1;434;158;47;164;164;10;164;10;TRUE;TRUE
986;50000;1000;75;27;1;15;20;15;17;17;6;17;5;FALSE;FALSE
987;50000;1000;75;27;1;87;77;37;64;64;7;64;7;TRUE;TRUE
988;50000;1000;75;27;1;475;309;309;614;614;6;614;5;FALSE;FALSE
989;50000;1000;75;27;1;86;38;34;34;34;2;34;2;TRUE;TRUE
990;50000;1000;75;27;1;101;64;54;77;77;12;77;11;FALSE;FALSE
991;50000;1000;75;27;1;17;16;16;19;19;5;19;5;TRUE;TRUE
992;50000;1000;75;27;1;66;49;30;68;68;4;68;3;FALSE;FALSE
993;50000;1000;75;28;1;14;14;14;6;6;17;6;16;FALSE;FALSE
994;50000;1000;75;28;1;200;46;32;112;112;16;112;15;FALSE;FALSE
995;50000;1000;75;28;1;63;18;18;51;51;6;51;5;FALSE;FALSE
996;50000;1000;75;28;1;37;30;29;39;39;3;39;2;FALSE;FALSE
997;50000;1000;75;28;1;664;105;105;357;357;18;357;17;FALSE;FALSE
998;50000;1000;75;28;1;83;70;34;86;86;2;86;1;FALSE;FALSE
999;50000;1000;75;28;1;89;174;47;96;96;6;96;6;TRUE;TRUE
1000;50000;1000;75;28;1;442;41;29;157;157;12;157;11;FALSE;FALSE
1001;50000;1000;75;28;1;143;65;57;79;79;3;79;2;FALSE;FALSE
1002;50000;1000;75;28;1;4;4;4;3;3;1;3;1;TRUE;TRUE
1003;50000;1000;75;28;1;74;44;40;64;64;8;64;8;TRUE;TRUE
1004;50000;1000;75;28;1;71;105;70;75;75;11;75;11;TRUE;TRUE
1005;50000;1000;75;28;1;293;237;237;154;154;10;154;10;TRUE;TRUE
1006;50000;1000;75;28;1;12;12;12;12;12;13;12;12;FALSE;FALSE
1007;50000;1000;75;28;1;24;20;16;39;39;4;39;3;FALSE;FALSE
1008;50000;1000;75;28;1;24;24;24;12;12;20;12;20;TRUE;TRUE
1009;50000;1000;75;29;1;350;170;134;181;181;10;181;10;TRUE;TRUE
1010;50000;1000;75;29;1;544;126;118;220;220;13;220;13;TRUE;TRUE
1011;50000;1000;75;29;1;5;5;5;3;3;1;3;1;TRUE;TRUE
1012;50000;1000;75;29;1;525;197;117;176;176;17;176;16;FALSE;FALSE
1013;50000;1000;75;29;1;359;333;212;470;470;4;470;3;FALSE;FALSE
1014;50000;1000;75;29;1;21;21;21;27;27;2;27;1;FALSE;FALSE
1015;50000;1000;75;29;1;60;23;14;38;38;4;38;4;TRUE;TRUE
1016;50000;1000;75;29;1;77;85;77;193;193;4;193;3;FALSE;FALSE
1017;50000;1000;75;29;1;347;229;183;238;238;16;238;15;FALSE;FALSE
1018;50000;1000;75;29;1;2;2;2;3;3;1;3;1;TRUE;TRUE
1019;50000;1000;75;29;1;908;556;495;710;710;19;710;18;FALSE;FALSE
1020;50000;1000;75;29;1;124;20;16;82;82;4;82;3;FALSE;FALSE
1021;50000;1000;75;29;1;61;59;59;85;85;6;85;5;FALSE;FALSE
1022;50000;1000;75;29;1;451;45;42;205;205;7;205;6;FALSE;FALSE
1023;50000;1000;75;29;1;199;209;138;172;172;17;172;17;TRUE;TRUE
1024;50000;1000;75;29;1;1236;852;696;1123;1123;9;1123;8;FALSE;FALSE
1025;50000;1000;75;30;1;61;81;61;85;85;7;85;6;FALSE;FALSE
1026;50000;1000;75;30;1;184;196;149;133;133;10;133;10;TRUE;TRUE
1027;50000;1000;75;30;1;75;22;22;57;57;3;57;2;FALSE;FALSE
1028;50000;1000;75;30;1;898;244;81;208;208;3;208;3;TRUE;TRUE
1029;50000;1000;75;30;1;898;335;169;526;526;10;526;10;TRUE;TRUE
1030;50000;1000;75;30;1;251;27;27;188;188;3;188;2;FALSE;FALSE
1031;50000;1000;75;30;1;418;418;418;294;294;10;294;9;FALSE;FALSE
1032;50000;1000;75;30;1;79;69;56;45;45;8;45;8;TRUE;TRUE
1033;50000;1000;75;30;1;838;551;422;552;552;18;552;17;FALSE;FALSE
1034;50000;1000;75;30;1;35;40;35;51;51;6;51;6;TRUE;TRUE
1035;50000;1000;75;30;1;5445;497;335;1833;1833;4;1833;4;TRUE;TRUE
1036;50000;1000;75;30;1;1;1;1;3;3;1;3;1;TRUE;TRUE
1037;50000;1000;75;30;1;1;1;1;3;3;1;3;1;TRUE;TRUE
1038;50000;1000;75;30;1;15;15;15;15;15;17;15;16;FALSE;FALSE
1039;50000;1000;75;30;1;135;124;93;99;99;15;99;14;FALSE;FALSE
1040;50000;1000;75;30;1;48;38;35;55;55;4;55;3;FALSE;FALSE
1041;50000;1000;75;31;1;190;155;136;299;299;6;299;5;FALSE;FALSE
1042;50000;1000;75;31;1;257;121;121;224;224;4;224;3;FALSE;FALSE
1043;50000;1000;75;31;1;714;101;100;360;360;4;360;3;FALSE;FALSE
1044;50000;1000;75;31;1;802;18;18;308;308;17;308;16;FALSE;FALSE
1045;50000;1000;75;31;1;504;45;45;226;226;12;226;11;FALSE;FALSE
1046;50000;1000;75;31;1;646;115;103;410;410;14;410;13;FALSE;FALSE
1047;50000;1000;75;31;1;93;140;35;74;74;3;74;3;TRUE;TRUE
1048;50000;1000;75;31;1;5980;307;273;2681;2681;5;2681;4;FALSE;FALSE
1049;50000;1000;75;31;1;1353;483;452;933;933;10;933;9;FALSE;FALSE
1050;50000;1000;75;31;1;412;42;26;174;174;3;174;3;TRUE;TRUE
1051;50000;1000;75;31;1;7;7;7;9;9;3;9;3;TRUE;TRUE
1052;50000;1000;75;31;1;5084;817;799;2309;2309;12;2309;11;FALSE;FALSE
1053;50000;1000;75;31;1;2352;803;803;1410;1410;11;1410;10;FALSE;FALSE
1054;50000;1000;75;31;1;433;110;31;165;165;2;165;1;FALSE;FALSE
1055;50000;1000;75;31;1;637;246;147;293;293;8;293;7;FALSE;FALSE
1056;50000;1000;75;31;1;855;71;12;405;405;23;405;22;FALSE;FALSE
