[run number];max-tezina;min-tezina;postotak-tabu-lista;n-vrhova;[step];dubina-agenti;sirina-agenti;uniform-cost-agenti;dubina-ticks;sirina-ticks;pohlepni-ticks;uniform-ticks;tabu-ticks;tabu-rjesenje?;pohlepni-rjesenje?
1;50000;1000;25;10;1;32;48;24;13;13;3;13;3;TRUE;TRUE
2;50000;1000;25;10;1;82;65;25;22;22;2;22;2;TRUE;TRUE
3;50000;1000;25;10;1;17;17;17;6;6;4;6;4;TRUE;TRUE
4;50000;1000;25;10;1;210;210;202;92;92;8;92;8;TRUE;TRUE
5;50000;1000;25;10;1;61;89;61;28;28;5;28;5;TRUE;TRUE
6;50000;1000;25;10;1;40;33;25;12;12;3;12;3;TRUE;TRUE
7;50000;1000;25;10;1;32;57;17;13;13;2;13;2;TRUE;TRUE
8;50000;1000;25;10;1;9;9;9;3;3;1;3;1;TRUE;TRUE
9;50000;1000;25;10;1;38;38;38;15;15;8;15;8;TRUE;TRUE
10;50000;1000;25;10;1;47;56;32;17;17;7;17;7;TRUE;TRUE
11;50000;1000;25;10;1;93;86;40;28;28;4;28;4;TRUE;TRUE
12;50000;1000;25;10;1;24;24;24;9;9;5;9;5;TRUE;TRUE
13;50000;1000;25;10;1;25;25;25;9;9;3;9;3;TRUE;TRUE
14;50000;1000;25;10;1;47;64;32;18;18;7;18;7;TRUE;TRUE
15;50000;1000;25;10;1;17;17;17;6;6;7;6;7;TRUE;TRUE
16;50000;1000;25;10;1;9;9;9;3;3;1;3;1;TRUE;TRUE
17;50000;1000;25;11;1;28;82;28;15;15;2;15;2;TRUE;TRUE
18;50000;1000;25;11;1;268;90;63;54;54;9;54;9;TRUE;TRUE
19;50000;1000;25;11;1;44;44;44;15;15;6;15;6;TRUE;TRUE
20;50000;1000;25;11;1;140;82;55;33;33;2;33;2;TRUE;TRUE
21;50000;1000;25;11;1;71;57;57;23;23;8;23;8;TRUE;TRUE
22;50000;1000;25;11;1;188;146;120;54;54;4;54;4;TRUE;TRUE
23;50000;1000;25;11;1;19;19;19;6;6;3;6;3;TRUE;TRUE
24;50000;1000;25;11;1;67;46;19;15;15;2;15;2;TRUE;TRUE
25;50000;1000;25;11;1;141;88;52;33;33;5;33;5;TRUE;TRUE
26;50000;1000;25;11;1;102;81;36;25;25;4;25;4;TRUE;TRUE
27;50000;1000;25;11;1;92;73;19;21;21;2;21;2;TRUE;TRUE
28;50000;1000;25;11;1;10;10;10;3;3;1;3;1;TRUE;TRUE
29;50000;1000;25;11;1;37;37;37;12;12;10;12;10;TRUE;TRUE
30;50000;1000;25;11;1;117;95;68;33;33;6;33;6;TRUE;TRUE
31;50000;1000;25;11;1;10;10;10;3;3;1;3;1;TRUE;TRUE
32;50000;1000;25;11;1;36;36;36;12;12;5;12;5;TRUE;TRUE
33;50000;1000;25;12;1;38;38;38;12;12;4;12;4;TRUE;TRUE
34;50000;1000;25;12;1;109;70;50;24;24;8;24;8;TRUE;TRUE
35;50000;1000;25;12;1;131;131;131;45;45;5;45;5;TRUE;TRUE
36;50000;1000;25;12;1;152;100;40;31;31;6;31;6;TRUE;TRUE
37;50000;1000;25;12;1;254;140;110;57;57;9;57;9;TRUE;TRUE
38;50000;1000;25;12;1;235;198;178;69;69;9;69;9;TRUE;TRUE
39;50000;1000;25;12;1;288;91;31;46;46;8;46;8;TRUE;TRUE
40;50000;1000;25;12;1;114;119;49;29;29;3;29;3;TRUE;TRUE
41;50000;1000;25;12;1;21;21;21;6;6;5;6;5;TRUE;TRUE
42;50000;1000;25;12;1;222;190;113;60;60;6;60;6;TRUE;TRUE
43;50000;1000;25;12;1;115;111;41;28;28;6;28;6;TRUE;TRUE
44;50000;1000;25;12;1;69;69;69;21;21;10;21;10;TRUE;TRUE
45;50000;1000;25;12;1;148;148;148;48;48;6;48;6;TRUE;TRUE
46;50000;1000;25;12;1;59;59;59;18;18;3;18;3;TRUE;TRUE
47;50000;1000;25;12;1;11;11;11;3;3;1;3;1;TRUE;TRUE
48;50000;1000;25;12;1;224;199;189;68;68;11;68;11;TRUE;TRUE
49;50000;1000;25;13;1;23;23;23;6;6;8;6;8;TRUE;TRUE
50;50000;1000;25;13;1;33;106;33;16;16;3;16;3;TRUE;TRUE
51;50000;1000;25;13;1;152;199;105;44;44;3;44;3;TRUE;TRUE
52;50000;1000;25;13;1;83;83;83;24;24;12;24;12;TRUE;TRUE
53;50000;1000;25;13;1;61;83;61;20;20;4;20;4;TRUE;TRUE
54;50000;1000;25;13;1;81;81;71;23;23;7;23;7;TRUE;TRUE
55;50000;1000;25;13;1;413;157;81;67;67;8;67;8;TRUE;TRUE
56;50000;1000;25;13;1;181;152;54;37;37;7;37;7;TRUE;TRUE
57;50000;1000;25;13;1;298;252;230;78;78;7;78;7;TRUE;TRUE
58;50000;1000;25;13;1;56;56;56;15;15;12;15;12;TRUE;TRUE
59;50000;1000;25;13;1;798;249;205;139;139;11;139;11;TRUE;TRUE
60;50000;1000;25;13;1;62;62;62;18;18;8;18;8;TRUE;TRUE
61;50000;1000;25;13;1;54;65;54;16;16;3;16;3;TRUE;TRUE
62;50000;1000;25;13;1;155;108;108;38;38;6;38;6;TRUE;TRUE
63;50000;1000;25;13;1;45;45;45;12;12;12;12;12;TRUE;TRUE
64;50000;1000;25;13;1;12;12;12;3;3;1;3;1;TRUE;TRUE
65;50000;1000;25;14;1;853;825;825;246;246;12;246;12;TRUE;TRUE
66;50000;1000;25;14;1;82;94;82;22;22;8;22;8;TRUE;TRUE
67;50000;1000;25;14;1;25;25;25;6;6;10;6;10;TRUE;TRUE
68;50000;1000;25;14;1;845;608;551;198;198;12;198;12;TRUE;TRUE
69;50000;1000;25;14;1;25;25;25;6;6;3;6;3;TRUE;TRUE
70;50000;1000;25;14;1;168;163;67;35;35;5;35;5;TRUE;TRUE
71;50000;1000;25;14;1;13;13;13;3;3;1;3;1;TRUE;TRUE
72;50000;1000;25;14;1;25;25;25;6;6;11;6;11;TRUE;TRUE
73;50000;1000;25;14;1;25;25;25;6;6;12;6;12;TRUE;TRUE
74;50000;1000;25;14;1;165;201;165;48;48;7;48;7;TRUE;TRUE
75;50000;1000;25;14;1;48;49;25;10;10;2;10;2;TRUE;TRUE
76;50000;1000;25;14;1;48;48;48;12;12;12;12;12;TRUE;TRUE
77;50000;1000;25;14;1;199;200;168;51;51;8;51;8;TRUE;TRUE
78;50000;1000;25;14;1;116;139;93;30;30;3;30;3;TRUE;TRUE
79;50000;1000;25;14;1;105;105;105;27;27;13;27;13;TRUE;TRUE
80;50000;1000;25;14;1;190;84;60;29;29;2;29;2;TRUE;TRUE
81;50000;1000;25;15;1;157;157;157;39;39;7;39;7;TRUE;TRUE
82;50000;1000;25;15;1;100;113;100;25;25;7;25;7;TRUE;TRUE
83;50000;1000;25;15;1;4994;3370;3177;1181;1181;13;1181;13;TRUE;TRUE
84;50000;1000;25;15;1;152;152;152;36;36;11;36;11;TRUE;TRUE
85;50000;1000;25;15;1;280;236;175;56;56;7;56;7;TRUE;TRUE
86;50000;1000;25;15;1;321;194;77;49;49;2;49;2;TRUE;TRUE
87;50000;1000;25;15;1;1040;859;510;227;227;13;227;13;TRUE;TRUE
88;50000;1000;25;15;1;14;14;14;3;3;1;3;1;TRUE;TRUE
89;50000;1000;25;15;1;14;14;14;3;3;1;3;1;TRUE;TRUE
90;50000;1000;25;15;1;88;65;65;17;17;2;17;2;TRUE;TRUE
91;50000;1000;25;15;1;14;14;14;3;3;1;3;1;TRUE;TRUE
92;50000;1000;25;15;1;199;440;132;66;66;4;66;4;TRUE;TRUE
93;50000;1000;25;15;1;27;27;27;6;6;9;6;9;TRUE;TRUE
94;50000;1000;25;15;1;158;113;74;28;28;7;28;7;TRUE;TRUE
95;50000;1000;25;15;1;209;209;209;51;51;7;51;7;TRUE;TRUE
96;50000;1000;25;15;1;1507;695;584;260;260;13;260;13;TRUE;TRUE
97;50000;1000;25;16;1;172;172;172;39;39;10;39;10;TRUE;TRUE
98;50000;1000;25;16;1;151;127;57;24;24;2;24;2;TRUE;TRUE
99;50000;1000;25;16;1;15;15;15;3;3;1;3;1;TRUE;TRUE
100;50000;1000;25;16;1;229;210;56;36;36;3;36;3;TRUE;TRUE
101;50000;1000;25;16;1;141;141;141;33;33;13;33;13;TRUE;TRUE
102;50000;1000;25;16;1;145;57;43;18;18;2;18;2;TRUE;TRUE
103;50000;1000;25;16;1;264;248;178;54;54;10;54;10;TRUE;TRUE
104;50000;1000;25;16;1;29;29;29;6;6;15;6;15;TRUE;TRUE
105;50000;1000;25;16;1;43;43;43;9;9;3;9;3;TRUE;TRUE
106;50000;1000;25;16;1;259;85;43;29;29;9;29;9;TRUE;TRUE
107;50000;1000;25;16;1;535;315;42;70;70;3;70;3;TRUE;TRUE
108;50000;1000;25;16;1;242;187;122;42;42;5;42;5;TRUE;TRUE
109;50000;1000;25;16;1;95;95;95;21;21;12;21;12;TRUE;TRUE
110;50000;1000;25;16;1;326;113;57;38;38;2;38;2;TRUE;TRUE
111;50000;1000;25;16;1;706;366;338;112;112;13;112;13;TRUE;TRUE
112;50000;1000;25;16;1;29;29;29;6;6;12;6;12;TRUE;TRUE
113;50000;1000;25;17;1;590;408;104;78;78;6;78;6;TRUE;TRUE
114;50000;1000;25;17;1;395;307;250;69;69;6;69;6;TRUE;TRUE
115;50000;1000;25;17;1;214;150;90;31;31;4;31;4;TRUE;TRUE
116;50000;1000;25;17;1;16;16;16;3;3;1;3;1;TRUE;TRUE
117;50000;1000;25;17;1;1126;415;220;131;131;15;131;15;TRUE;TRUE
118;50000;1000;25;17;1;532;561;396;108;108;15;108;15;TRUE;TRUE
119;50000;1000;25;17;1;172;103;73;24;24;2;24;2;TRUE;TRUE
120;50000;1000;25;17;1;139;197;139;34;34;9;34;9;TRUE;TRUE
121;50000;1000;25;17;1;45;248;45;23;23;3;23;3;TRUE;TRUE
122;50000;1000;25;17;1;16;16;16;3;3;1;3;1;TRUE;TRUE
123;50000;1000;25;17;1;1596;267;102;152;152;9;152;9;TRUE;TRUE
124;50000;1000;25;17;1;123;243;123;35;35;6;35;6;TRUE;TRUE
125;50000;1000;25;17;1;834;151;46;80;80;2;80;2;TRUE;TRUE
126;50000;1000;25;17;1;309;237;102;45;45;11;45;11;TRUE;TRUE
127;50000;1000;25;17;1;434;280;145;62;62;8;62;8;TRUE;TRUE
128;50000;1000;25;17;1;75;255;75;27;27;11;27;11;TRUE;TRUE
129;50000;1000;25;18;1;215;175;79;30;30;3;30;3;TRUE;TRUE
130;50000;1000;25;18;1;257;111;79;29;29;11;29;11;TRUE;TRUE
131;50000;1000;25;18;1;879;257;81;84;84;3;84;3;TRUE;TRUE
132;50000;1000;25;18;1;657;251;156;72;72;9;72;9;TRUE;TRUE
133;50000;1000;25;18;1;17;17;17;3;3;1;3;1;TRUE;TRUE
134;50000;1000;25;18;1;370;245;213;55;55;14;55;14;TRUE;TRUE
135;50000;1000;25;18;1;49;49;49;9;9;6;9;6;TRUE;TRUE
136;50000;1000;25;18;1;307;334;211;57;57;7;57;7;TRUE;TRUE
137;50000;1000;25;18;1;123;123;123;24;24;15;24;15;TRUE;TRUE
138;50000;1000;25;18;1;203;144;96;28;28;2;28;2;TRUE;TRUE
139;50000;1000;25;18;1;121;121;121;24;24;4;24;4;TRUE;TRUE
140;50000;1000;25;18;1;1353;1179;751;227;227;9;227;9;TRUE;TRUE
141;50000;1000;25;18;1;319;405;245;63;63;3;63;3;TRUE;TRUE
142;50000;1000;25;18;1;699;241;49;66;66;2;66;2;TRUE;TRUE
143;50000;1000;25;18;1;342;315;139;52;52;3;52;3;TRUE;TRUE
144;50000;1000;25;18;1;1403;641;545;181;181;9;181;9;TRUE;TRUE
145;50000;1000;25;19;1;655;596;443;107;107;12;107;12;TRUE;TRUE
146;50000;1000;25;19;1;866;411;360;102;102;11;102;11;TRUE;TRUE
147;50000;1000;25;19;1;164;118;67;21;21;7;21;7;TRUE;TRUE
148;50000;1000;25;19;1;454;417;240;70;70;17;70;17;TRUE;TRUE
149;50000;1000;25;19;1;278;290;52;37;37;2;37;2;TRUE;TRUE
150;50000;1000;25;19;1;1335;827;660;192;192;10;192;10;TRUE;TRUE
151;50000;1000;25;19;1;5379;3065;2731;796;796;11;796;11;TRUE;TRUE
152;50000;1000;25;19;1;626;591;308;99;99;16;99;16;TRUE;TRUE
153;50000;1000;25;19;1;1081;458;339;120;120;16;120;16;TRUE;TRUE
154;50000;1000;25;19;1;51;85;51;11;11;3;11;3;TRUE;TRUE
155;50000;1000;25;19;1;118;186;118;25;25;15;25;15;TRUE;TRUE
156;50000;1000;25;19;1;150;150;150;27;27;8;27;8;TRUE;TRUE
157;50000;1000;25;19;1;352;454;99;57;57;4;57;4;TRUE;TRUE
158;50000;1000;25;19;1;2389;473;371;225;225;14;225;14;TRUE;TRUE
159;50000;1000;25;19;1;305;305;305;57;57;10;57;10;TRUE;TRUE
160;50000;1000;25;19;1;385;280;229;55;55;5;55;5;TRUE;TRUE
161;50000;1000;25;20;1;666;695;275;97;97;5;97;5;TRUE;TRUE
162;50000;1000;25;20;1;448;359;125;54;54;8;54;8;TRUE;TRUE
163;50000;1000;25;20;1;158;158;158;27;27;13;27;13;TRUE;TRUE
164;50000;1000;25;20;1;226;226;226;39;39;9;39;9;TRUE;TRUE
165;50000;1000;25;20;1;1357;1498;510;203;203;10;203;10;TRUE;TRUE
166;50000;1000;25;20;1;158;158;158;27;27;12;27;12;TRUE;TRUE
167;50000;1000;25;20;1;1010;454;238;102;102;4;102;4;TRUE;TRUE
168;50000;1000;25;20;1;55;55;55;9;9;17;9;17;TRUE;TRUE
169;50000;1000;25;20;1;2318;538;358;202;202;13;202;13;TRUE;TRUE
170;50000;1000;25;20;1;998;1060;789;170;170;7;170;7;TRUE;TRUE
171;50000;1000;25;20;1;639;338;194;68;68;6;68;6;TRUE;TRUE
172;50000;1000;25;20;1;3123;1071;876;328;328;10;328;10;TRUE;TRUE
173;50000;1000;25;20;1;209;353;209;44;44;12;44;12;TRUE;TRUE
174;50000;1000;25;20;1;546;376;274;71;71;19;71;19;TRUE;TRUE
175;50000;1000;25;20;1;362;421;142;53;53;3;53;3;TRUE;TRUE
176;50000;1000;25;20;1;974;813;329;128;128;5;128;5;TRUE;TRUE
177;50000;1000;25;21;1;737;564;393;95;95;20;95;20;TRUE;TRUE
178;50000;1000;25;21;1;795;262;167;69;69;9;69;9;TRUE;TRUE
179;50000;1000;25;21;1;5906;1485;1107;509;509;14;509;14;TRUE;TRUE
180;50000;1000;25;21;1;76;228;76;20;20;16;20;16;TRUE;TRUE
181;50000;1000;25;21;1;590;342;114;58;58;6;58;6;TRUE;TRUE
182;50000;1000;25;21;1;558;336;148;57;57;3;57;3;TRUE;TRUE
183;50000;1000;25;21;1;94;132;94;17;17;4;17;4;TRUE;TRUE
184;50000;1000;25;21;1;128;337;128;32;32;9;32;9;TRUE;TRUE
185;50000;1000;25;21;1;239;239;239;39;39;5;39;5;TRUE;TRUE
186;50000;1000;25;21;1;39;39;39;6;6;8;6;8;TRUE;TRUE
187;50000;1000;25;21;1;3009;1421;1197;337;337;17;337;17;TRUE;TRUE
188;50000;1000;25;21;1;4580;1499;1309;449;449;18;449;18;TRUE;TRUE
189;50000;1000;25;21;1;760;793;130;94;94;16;94;16;TRUE;TRUE
190;50000;1000;25;21;1;39;39;39;6;6;10;6;10;TRUE;TRUE
191;50000;1000;25;21;1;20;20;20;3;3;1;3;1;TRUE;TRUE
192;50000;1000;25;21;1;974;1019;576;146;146;7;146;7;TRUE;TRUE
193;50000;1000;25;22;1;1153;1273;1153;195;195;9;195;9;TRUE;TRUE
194;50000;1000;25;22;1;2678;1603;1363;315;315;13;315;13;TRUE;TRUE
195;50000;1000;25;22;1;251;530;176;49;49;5;49;5;TRUE;TRUE
196;50000;1000;25;22;1;1102;495;375;107;107;13;107;13;TRUE;TRUE
197;50000;1000;25;22;1;5021;376;136;324;324;18;324;18;TRUE;TRUE
198;50000;1000;25;22;1;346;329;231;47;47;10;47;10;TRUE;TRUE
199;50000;1000;25;22;1;1508;715;457;148;148;11;148;11;TRUE;TRUE
200;50000;1000;25;22;1;698;675;489;104;104;8;104;8;TRUE;TRUE
201;50000;1000;25;22;1;1033;440;120;84;84;9;84;9;TRUE;TRUE
202;50000;1000;25;22;1;2341;1879;825;273;273;14;273;14;TRUE;TRUE
203;50000;1000;25;22;1;263;263;263;42;42;9;42;9;TRUE;TRUE
204;50000;1000;25;22;1;2486;1528;1258;294;294;18;294;18;TRUE;TRUE
205;50000;1000;25;22;1;233;139;139;26;26;8;26;8;TRUE;TRUE
206;50000;1000;25;22;1;4891;452;192;317;317;14;317;14;TRUE;TRUE
207;50000;1000;25;22;1;155;236;80;24;24;3;24;3;TRUE;TRUE
208;50000;1000;25;22;1;266;220;100;30;30;11;30;11;TRUE;TRUE
209;50000;1000;25;23;1;1059;1302;490;146;146;21;146;21;TRUE;TRUE
210;50000;1000;25;23;1;561;663;413;83;83;16;83;16;TRUE;TRUE
211;50000;1000;25;23;1;315;980;315;81;81;7;81;7;TRUE;TRUE
212;50000;1000;25;23;1;2665;578;494;201;201;16;201;16;TRUE;TRUE
213;50000;1000;25;23;1;1059;1066;644;139;139;13;139;13;TRUE;TRUE
214;50000;1000;25;23;1;1377;866;824;161;161;14;161;14;TRUE;TRUE
215;50000;1000;25;23;1;85;211;64;17;17;3;17;3;TRUE;TRUE
216;50000;1000;25;23;1;1297;917;649;146;146;11;146;11;TRUE;TRUE
217;50000;1000;25;23;1;2045;357;84;135;135;18;135;18;TRUE;TRUE
218;50000;1000;25;23;1;1910;1081;398;175;175;21;175;21;TRUE;TRUE
219;50000;1000;25;23;1;12105;3649;3167;1079;1079;19;1079;19;TRUE;TRUE
220;50000;1000;25;23;1;1243;908;163;120;120;3;120;3;TRUE;TRUE
221;50000;1000;25;23;1;2301;1983;1559;307;307;11;307;11;TRUE;TRUE
222;50000;1000;25;23;1;22;22;22;3;3;1;3;1;TRUE;TRUE
223;50000;1000;25;23;1;8360;2935;2935;780;780;19;780;19;TRUE;TRUE
224;50000;1000;25;23;1;1131;1131;1131;180;180;7;180;7;TRUE;TRUE
225;50000;1000;25;24;1;1179;1579;979;182;182;23;182;23;TRUE;TRUE
226;50000;1000;25;24;1;11328;10647;10237;1734;1734;21;1734;21;TRUE;TRUE
227;50000;1000;25;24;1;66;66;66;9;9;8;9;8;TRUE;TRUE
228;50000;1000;25;24;1;233;629;172;48;48;5;48;5;TRUE;TRUE
229;50000;1000;25;24;1;402;583;209;56;56;4;56;4;TRUE;TRUE
230;50000;1000;25;24;1;3000;2092;1774;345;345;20;345;20;TRUE;TRUE
231;50000;1000;25;24;1;2789;3174;1101;352;352;17;352;17;TRUE;TRUE
232;50000;1000;25;24;1;1150;590;546;111;111;12;111;12;TRUE;TRUE
233;50000;1000;25;24;1;8911;1247;622;589;589;22;589;22;TRUE;TRUE
234;50000;1000;25;24;1;1030;546;172;84;84;18;84;18;TRUE;TRUE
235;50000;1000;25;24;1;919;919;919;138;138;15;138;15;TRUE;TRUE
236;50000;1000;25;24;1;1552;581;317;117;117;7;117;7;TRUE;TRUE
237;50000;1000;25;24;1;131;353;67;25;25;2;25;2;TRUE;TRUE
238;50000;1000;25;24;1;1002;550;506;99;99;6;99;6;TRUE;TRUE
239;50000;1000;25;24;1;1827;1046;402;160;160;21;160;21;TRUE;TRUE
240;50000;1000;25;24;1;110;110;110;15;15;23;15;23;TRUE;TRUE
241;50000;1000;25;25;1;1181;1678;696;164;164;6;164;6;TRUE;TRUE
242;50000;1000;25;25;1;973;874;739;119;119;9;119;9;TRUE;TRUE
243;50000;1000;25;25;1;622;622;622;87;87;23;87;23;TRUE;TRUE
244;50000;1000;25;25;1;1073;595;181;85;85;9;85;9;TRUE;TRUE
245;50000;1000;25;25;1;69;69;69;9;9;9;9;9;TRUE;TRUE
246;50000;1000;25;25;1;20243;11370;10133;2158;2158;17;2158;17;TRUE;TRUE
247;50000;1000;25;25;1;1337;1984;915;194;194;10;194;10;TRUE;TRUE
248;50000;1000;25;25;1;355;1692;312;106;106;21;106;21;TRUE;TRUE
249;50000;1000;25;25;1;3149;679;311;201;201;15;201;15;TRUE;TRUE
250;50000;1000;25;25;1;1374;654;225;104;104;12;104;12;TRUE;TRUE
251;50000;1000;25;25;1;1320;1330;1100;173;173;23;173;23;TRUE;TRUE
252;50000;1000;25;25;1;19406;5365;4207;1498;1498;18;1498;18;TRUE;TRUE
253;50000;1000;25;25;1;1847;523;247;123;123;20;123;20;TRUE;TRUE
254;50000;1000;25;25;1;2917;1796;688;254;254;7;254;7;TRUE;TRUE
255;50000;1000;25;25;1;838;976;838;123;123;6;123;6;TRUE;TRUE
256;50000;1000;25;25;1;756;756;756;105;105;16;105;16;TRUE;TRUE
257;50000;1000;25;26;1;5388;1804;430;357;357;17;357;17;TRUE;TRUE
258;50000;1000;25;26;1;1580;902;542;136;136;16;136;16;TRUE;TRUE
259;50000;1000;25;26;1;600;798;304;73;73;8;73;8;TRUE;TRUE
260;50000;1000;25;26;1;1762;817;601;140;140;6;140;6;TRUE;TRUE
261;50000;1000;25;26;1;302;214;190;30;30;16;30;16;TRUE;TRUE
262;50000;1000;25;26;1;934;1126;776;124;124;7;124;7;TRUE;TRUE
263;50000;1000;25;26;1;396;419;396;52;52;8;52;8;TRUE;TRUE
264;50000;1000;25;26;1;781;473;257;65;65;10;65;10;TRUE;TRUE
265;50000;1000;25;26;1;1764;1980;1764;249;249;24;249;24;TRUE;TRUE
266;50000;1000;25;26;1;1622;660;372;117;117;10;117;10;TRUE;TRUE
267;50000;1000;25;26;1;73;97;49;9;9;2;9;2;TRUE;TRUE
268;50000;1000;25;26;1;5699;614;302;307;307;8;307;8;TRUE;TRUE
269;50000;1000;25;26;1;97;97;97;12;12;12;12;12;TRUE;TRUE
270;50000;1000;25;26;1;73;73;73;9;9;10;9;10;TRUE;TRUE
271;50000;1000;25;26;1;3566;705;441;220;220;15;220;15;TRUE;TRUE
272;50000;1000;25;26;1;2937;1008;392;197;197;4;197;4;TRUE;TRUE
273;50000;1000;25;27;1;26;26;26;3;3;1;3;1;TRUE;TRUE
274;50000;1000;25;27;1;572;572;572;72;72;10;72;10;TRUE;TRUE
275;50000;1000;25;27;1;173;173;173;21;21;8;21;8;TRUE;TRUE
276;50000;1000;25;27;1;221;221;221;27;27;8;27;8;TRUE;TRUE
277;50000;1000;25;27;1;15561;8895;8775;1555;1555;24;1555;24;TRUE;TRUE
278;50000;1000;25;27;1;125;125;125;15;15;22;15;22;TRUE;TRUE
279;50000;1000;25;27;1;784;1052;759;109;109;9;109;9;TRUE;TRUE
281;50000;1000;25;27;1;10844;2625;757;652;652;8;652;8;TRUE;TRUE
282;50000;1000;25;27;1;1532;829;341;114;114;17;114;17;TRUE;TRUE
283;50000;1000;25;27;1;3291;2394;1701;324;324;21;324;21;TRUE;TRUE
284;50000;1000;25;27;1;242;317;242;33;33;8;33;8;TRUE;TRUE
285;50000;1000;25;27;1;1303;2361;599;180;180;3;180;3;TRUE;TRUE
286;50000;1000;25;27;1;1529;951;295;118;118;5;118;5;TRUE;TRUE
287;50000;1000;25;27;1;1592;1006;584;133;133;10;133;10;TRUE;TRUE
288;50000;1000;25;27;1;21272;13297;9497;2030;2030;24;2030;24;TRUE;TRUE
289;50000;1000;25;28;1;79;79;79;9;9;11;9;11;TRUE;TRUE
290;50000;1000;25;28;1;617;415;155;47;47;13;47;13;TRUE;TRUE
291;50000;1000;25;28;1;9034;1068;496;462;462;26;462;26;TRUE;TRUE
292;50000;1000;25;28;1;4734;4127;2914;494;494;5;494;5;TRUE;TRUE
293;50000;1000;25;28;1;4416;2062;1576;340;340;18;340;18;TRUE;TRUE
294;50000;1000;25;28;1;2992;2171;2145;305;305;27;305;27;TRUE;TRUE
295;50000;1000;25;28;1;5767;3357;2844;516;516;14;516;14;TRUE;TRUE
296;50000;1000;25;28;1;576;602;576;70;70;7;70;7;TRUE;TRUE
297;50000;1000;25;28;1;400;634;374;56;56;6;56;6;TRUE;TRUE
298;50000;1000;25;28;1;1255;1154;476;117;117;12;117;12;TRUE;TRUE
299;50000;1000;25;28;1;2498;821;405;151;151;26;151;26;TRUE;TRUE
300;50000;1000;25;28;1;3481;3563;2114;382;382;13;382;13;TRUE;TRUE
301;50000;1000;25;28;1;27;27;27;3;3;1;3;1;TRUE;TRUE
302;50000;1000;25;28;1;2233;1413;859;185;185;24;185;24;TRUE;TRUE
303;50000;1000;25;28;1;8375;750;308;421;421;9;421;9;TRUE;TRUE
304;50000;1000;25;28;1;79;105;53;9;9;2;9;2;TRUE;TRUE
305;50000;1000;25;29;1;7074;2104;896;410;410;19;410;19;TRUE;TRUE
306;50000;1000;25;29;1;9050;1771;1136;501;501;27;501;27;TRUE;TRUE
307;50000;1000;25;29;1;4974;1062;549;271;271;15;271;15;TRUE;TRUE
308;50000;1000;25;29;1;1773;1685;896;172;172;9;172;9;TRUE;TRUE
309;50000;1000;25;29;1;890;890;890;108;108;22;108;22;TRUE;TRUE
310;50000;1000;25;29;1;162;162;162;18;18;24;18;24;TRUE;TRUE
311;50000;1000;25;29;1;28;28;28;3;3;1;3;1;TRUE;TRUE
312;50000;1000;25;29;1;1266;833;594;105;105;17;105;17;TRUE;TRUE
313;50000;1000;25;29;1;3276;1279;1036;224;224;15;224;15;TRUE;TRUE
314;50000;1000;25;29;1;902;737;496;82;82;16;82;16;TRUE;TRUE
315;50000;1000;25;29;1;28;28;28;3;3;1;3;1;TRUE;TRUE
316;50000;1000;25;29;1;342;342;342;39;39;23;39;23;TRUE;TRUE
317;50000;1000;25;29;1;16279;5244;5136;1157;1157;19;1157;19;TRUE;TRUE
318;50000;1000;25;29;1;3753;1287;936;238;238;28;238;28;TRUE;TRUE
319;50000;1000;25;29;1;82;82;82;9;9;20;9;20;TRUE;TRUE
320;50000;1000;25;29;1;319;675;108;41;41;3;41;3;TRUE;TRUE
321;50000;1000;25;30;1;16667;614;166;718;718;25;718;25;TRUE;TRUE
322;50000;1000;25;30;1;941;842;597;88;88;24;88;24;TRUE;TRUE
323;50000;1000;25;30;1;4204;2420;1069;294;294;13;294;13;TRUE;TRUE
324;50000;1000;25;30;1;3310;2614;1867;296;296;25;296;25;TRUE;TRUE
325;50000;1000;25;30;1;2137;1948;1017;191;191;16;191;16;TRUE;TRUE
326;50000;1000;25;30;1;29;29;29;3;3;1;3;1;TRUE;TRUE
327;50000;1000;25;30;1;1078;697;221;73;73;20;73;20;TRUE;TRUE
328;50000;1000;25;30;1;20892;1039;451;902;902;13;902;13;TRUE;TRUE
329;50000;1000;25;30;1;6107;2088;422;335;335;28;335;28;TRUE;TRUE
330;50000;1000;25;30;1;617;516;460;59;59;9;59;9;TRUE;TRUE
331;50000;1000;25;30;1;998;998;998;111;111;7;111;7;TRUE;TRUE
332;50000;1000;25;30;1;29;29;29;3;3;1;3;1;TRUE;TRUE
333;50000;1000;25;30;1;682;682;682;78;78;24;78;24;TRUE;TRUE
334;50000;1000;25;30;1;85;589;85;27;27;2;27;2;TRUE;TRUE
335;50000;1000;25;30;1;1896;876;596;126;126;17;126;17;TRUE;TRUE
336;50000;1000;25;30;1;5923;2084;1199;358;358;15;358;15;TRUE;TRUE
337;50000;1000;25;31;1;13341;4915;2733;811;811;29;811;29;TRUE;TRUE
338;50000;1000;25;31;1;4205;1588;1076;259;259;5;259;5;TRUE;TRUE
339;50000;1000;25;31;1;59;59;59;6;6;9;6;9;TRUE;TRUE
340;50000;1000;25;31;1;24065;4916;2757;1239;1239;15;1239;15;TRUE;TRUE
341;50000;1000;25;31;1;30;30;30;3;3;1;3;1;TRUE;TRUE
342;50000;1000;25;31;1;390;448;390;44;44;9;44;9;TRUE;TRUE
343;50000;1000;25;31;1;372;372;372;39;39;18;39;18;TRUE;TRUE
344;50000;1000;25;31;1;3248;1613;1526;232;232;9;232;9;TRUE;TRUE
345;50000;1000;25;31;1;4025;405;202;178;178;18;178;18;TRUE;TRUE
346;50000;1000;25;31;1;2236;907;588;135;135;15;135;15;TRUE;TRUE
347;50000;1000;25;31;1;4265;1534;1215;259;259;28;259;28;TRUE;TRUE
348;50000;1000;25;31;1;6312;2341;750;347;347;27;347;27;TRUE;TRUE
349;50000;1000;25;31;1;4206;707;256;200;200;3;200;3;TRUE;TRUE
350;50000;1000;25;31;1;1738;783;423;108;108;4;108;4;TRUE;TRUE
351;50000;1000;25;31;1;2459;1077;613;153;153;26;153;26;TRUE;TRUE
352;50000;1000;25;31;1;6390;919;252;289;289;12;289;12;TRUE;TRUE
353;50000;1000;50;10;1;32;32;32;12;12;7;12;7;TRUE;TRUE
354;50000;1000;50;10;1;146;79;55;37;37;6;37;6;TRUE;TRUE
355;50000;1000;50;10;1;177;173;149;70;70;8;70;8;TRUE;TRUE
356;50000;1000;50;10;1;17;17;17;6;6;9;6;9;TRUE;TRUE
357;50000;1000;50;10;1;32;41;17;11;11;2;11;2;TRUE;TRUE
358;50000;1000;50;10;1;141;80;24;32;32;8;32;8;TRUE;TRUE
359;50000;1000;50;10;1;54;54;54;21;21;7;21;7;TRUE;TRUE
360;50000;1000;50;10;1;9;9;9;3;3;1;3;1;TRUE;TRUE
361;50000;1000;50;10;1;39;39;39;15;15;8;15;8;TRUE;TRUE
362;50000;1000;50;10;1;130;93;61;38;38;7;38;7;TRUE;TRUE
363;50000;1000;50;10;1;96;71;47;28;28;5;28;5;TRUE;TRUE
364;50000;1000;50;10;1;211;158;158;82;82;7;82;7;TRUE;TRUE
365;50000;1000;50;10;1;150;144;75;54;54;7;54;7;TRUE;TRUE
366;50000;1000;50;10;1;204;192;160;80;80;6;80;6;TRUE;TRUE
367;50000;1000;50;10;1;17;17;17;6;6;3;6;3;TRUE;TRUE
368;50000;1000;50;10;1;39;39;39;15;15;8;15;8;TRUE;TRUE
369;50000;1000;50;11;1;173;147;120;56;56;7;56;7;TRUE;TRUE
370;50000;1000;50;11;1;85;85;85;30;30;5;30;5;TRUE;TRUE
371;50000;1000;50;11;1;101;101;101;39;39;9;39;9;TRUE;TRUE
372;50000;1000;50;11;1;35;35;35;12;12;9;12;9;TRUE;TRUE
373;50000;1000;50;11;1;37;37;19;10;10;2;10;2;TRUE;TRUE
374;50000;1000;50;11;1;19;19;19;6;6;4;6;4;TRUE;TRUE
375;50000;1000;50;11;1;19;19;19;6;6;2;6;2;TRUE;TRUE
376;50000;1000;50;11;1;19;19;19;6;6;7;6;7;TRUE;TRUE
377;50000;1000;50;11;1;10;10;10;3;3;1;3;1;TRUE;TRUE
378;50000;1000;50;11;1;91;73;37;23;23;2;23;2;TRUE;TRUE
379;50000;1000;50;11;1;130;80;53;31;31;7;31;7;TRUE;TRUE
380;50000;1000;50;11;1;133;72;63;31;31;4;31;4;TRUE;TRUE
381;50000;1000;50;11;1;78;185;63;38;38;3;38;3;TRUE;TRUE
382;50000;1000;50;11;1;45;45;45;15;15;7;15;7;TRUE;TRUE
383;50000;1000;50;11;1;101;71;35;25;25;9;25;9;TRUE;TRUE
384;50000;1000;50;11;1;69;114;60;28;28;7;28;7;TRUE;TRUE
385;50000;1000;50;12;1;41;41;41;12;12;4;12;4;TRUE;TRUE
386;50000;1000;50;12;1;124;129;109;40;40;4;40;4;TRUE;TRUE
387;50000;1000;50;12;1;11;11;11;3;3;1;3;1;TRUE;TRUE
388;50000;1000;50;12;1;207;221;109;59;59;5;59;5;TRUE;TRUE
389;50000;1000;50;12;1;31;61;31;12;12;6;12;6;TRUE;TRUE
390;50000;1000;50;12;1;66;76;57;21;21;4;21;4;TRUE;TRUE
391;50000;1000;50;12;1;31;31;31;9;9;11;9;11;TRUE;TRUE
392;50000;1000;50;12;1;30;30;30;9;9;6;9;6;TRUE;TRUE
393;50000;1000;50;12;1;213;143;83;50;50;2;50;2;TRUE;TRUE
394;50000;1000;50;12;1;21;21;21;6;6;2;6;2;TRUE;TRUE
395;50000;1000;50;12;1;171;231;171;63;63;11;63;11;TRUE;TRUE
396;50000;1000;50;12;1;204;196;186;63;63;9;63;9;TRUE;TRUE
397;50000;1000;50;12;1;152;155;115;44;44;5;44;5;TRUE;TRUE
398;50000;1000;50;12;1;84;102;66;27;27;8;27;8;TRUE;TRUE
399;50000;1000;50;12;1;925;714;704;300;300;11;300;11;TRUE;TRUE
400;50000;1000;50;12;1;21;21;21;6;6;3;6;3;TRUE;TRUE
401;50000;1000;50;13;1;43;65;43;14;14;12;14;12;TRUE;TRUE
402;50000;1000;50;13;1;311;143;44;51;51;12;51;12;TRUE;TRUE
403;50000;1000;50;13;1;211;163;152;52;52;4;52;4;TRUE;TRUE
404;50000;1000;50;13;1;634;325;259;132;132;11;132;11;TRUE;TRUE
405;50000;1000;50;13;1;136;158;125;40;40;7;40;7;TRUE;TRUE
406;50000;1000;50;13;1;72;72;72;21;21;4;21;4;TRUE;TRUE
407;50000;1000;50;13;1;225;180;115;51;51;9;51;9;TRUE;TRUE
408;50000;1000;50;13;1;186;186;186;57;57;11;57;11;TRUE;TRUE
409;50000;1000;50;13;1;273;259;185;75;75;10;75;10;TRUE;TRUE
410;50000;1000;50;13;1;585;586;576;197;197;12;197;12;TRUE;TRUE
411;50000;1000;50;13;1;23;23;23;6;6;11;6;11;TRUE;TRUE
412;50000;1000;50;13;1;44;44;44;12;12;11;12;11;TRUE;TRUE
413;50000;1000;50;13;1;76;133;45;23;23;2;23;2;TRUE;TRUE
414;50000;1000;50;13;1;56;67;34;14;14;2;14;2;TRUE;TRUE
415;50000;1000;50;13;1;43;232;33;29;29;3;29;3;TRUE;TRUE
416;50000;1000;50;13;1;55;143;55;23;23;7;23;7;TRUE;TRUE
417;50000;1000;50;14;1;25;25;25;6;6;13;6;13;TRUE;TRUE
418;50000;1000;50;14;1;59;71;59;16;16;13;16;13;TRUE;TRUE
419;50000;1000;50;14;1;13;13;13;3;3;1;3;1;TRUE;TRUE
420;50000;1000;50;14;1;138;138;126;35;35;7;35;7;TRUE;TRUE
421;50000;1000;50;14;1;150;118;82;30;30;5;30;5;TRUE;TRUE
422;50000;1000;50;14;1;356;167;59;53;53;9;53;9;TRUE;TRUE
423;50000;1000;50;14;1;373;165;81;55;55;4;55;4;TRUE;TRUE
424;50000;1000;50;14;1;346;226;180;69;69;7;69;7;TRUE;TRUE
425;50000;1000;50;14;1;90;156;48;25;25;3;25;3;TRUE;TRUE
426;50000;1000;50;14;1;93;105;93;25;25;3;25;3;TRUE;TRUE
427;50000;1000;50;14;1;166;335;155;59;59;5;59;5;TRUE;TRUE
428;50000;1000;50;14;1;82;82;82;21;21;5;21;5;TRUE;TRUE
429;50000;1000;50;14;1;94;72;60;19;19;4;19;4;TRUE;TRUE
430;50000;1000;50;14;1;423;201;83;65;65;3;65;3;TRUE;TRUE
431;50000;1000;50;14;1;578;390;196;109;109;9;109;9;TRUE;TRUE
432;50000;1000;50;14;1;185;279;185;62;62;9;62;9;TRUE;TRUE
433;50000;1000;50;15;1;464;538;167;99;99;12;99;12;TRUE;TRUE
434;50000;1000;50;15;1;281;240;39;46;46;3;46;3;TRUE;TRUE
435;50000;1000;50;15;1;1059;286;182;133;133;12;133;12;TRUE;TRUE
436;50000;1000;50;15;1;52;156;52;20;20;10;20;10;TRUE;TRUE
437;50000;1000;50;15;1;198;170;27;32;32;2;32;2;TRUE;TRUE
438;50000;1000;50;15;1;261;261;261;66;66;8;66;8;TRUE;TRUE
439;50000;1000;50;15;1;39;39;39;9;9;3;9;3;TRUE;TRUE
440;50000;1000;50;15;1;390;218;88;58;58;10;58;10;TRUE;TRUE
441;50000;1000;50;15;1;379;141;102;51;51;8;51;8;TRUE;TRUE
442;50000;1000;50;15;1;174;176;64;34;34;3;34;3;TRUE;TRUE
443;50000;1000;50;15;1;40;118;27;14;14;2;14;2;TRUE;TRUE
444;50000;1000;50;15;1;297;139;100;45;45;5;45;5;TRUE;TRUE
445;50000;1000;50;15;1;63;75;63;16;16;4;16;4;TRUE;TRUE
446;50000;1000;50;15;1;708;281;177;105;105;14;105;14;TRUE;TRUE
447;50000;1000;50;15;1;567;722;476;157;157;11;157;11;TRUE;TRUE
448;50000;1000;50;15;1;155;156;65;30;30;2;30;2;TRUE;TRUE
449;50000;1000;50;16;1;261;270;186;54;54;8;54;8;TRUE;TRUE
450;50000;1000;50;16;1;1847;1256;147;270;270;6;270;6;TRUE;TRUE
451;50000;1000;50;16;1;512;402;106;81;81;4;81;4;TRUE;TRUE
452;50000;1000;50;16;1;15;15;15;3;3;1;3;1;TRUE;TRUE
453;50000;1000;50;16;1;873;607;594;175;175;8;175;8;TRUE;TRUE
454;50000;1000;50;16;1;43;43;43;9;9;15;9;15;TRUE;TRUE
455;50000;1000;50;16;1;162;175;122;34;34;4;34;4;TRUE;TRUE
456;50000;1000;50;16;1;57;57;57;12;12;14;12;14;TRUE;TRUE
457;50000;1000;50;16;1;730;566;276;127;127;15;127;15;TRUE;TRUE
458;50000;1000;50;16;1;569;366;312;97;97;11;97;11;TRUE;TRUE
459;50000;1000;50;16;1;208;208;208;48;48;15;48;15;TRUE;TRUE
460;50000;1000;50;16;1;147;147;147;33;33;3;33;3;TRUE;TRUE
461;50000;1000;50;16;1;229;229;229;54;54;5;54;5;TRUE;TRUE
462;50000;1000;50;16;1;97;183;43;23;23;9;23;9;TRUE;TRUE
463;50000;1000;50;16;1;148;135;121;30;30;14;30;14;TRUE;TRUE
464;50000;1000;50;16;1;15;15;15;3;3;1;3;1;TRUE;TRUE
465;50000;1000;50;17;1;268;136;91;34;34;4;34;4;TRUE;TRUE
466;50000;1000;50;17;1;1451;1076;865;255;255;15;255;15;TRUE;TRUE
467;50000;1000;50;17;1;61;166;61;19;19;2;19;2;TRUE;TRUE
468;50000;1000;50;17;1;369;241;91;48;48;2;48;2;TRUE;TRUE
469;50000;1000;50;17;1;637;448;343;101;101;13;101;13;TRUE;TRUE
470;50000;1000;50;17;1;227;180;75;33;33;15;33;15;TRUE;TRUE
471;50000;1000;50;17;1;74;74;74;15;15;14;15;14;TRUE;TRUE
472;50000;1000;50;17;1;127;88;88;21;21;7;21;7;TRUE;TRUE
473;50000;1000;50;17;1;3027;2487;2358;656;656;13;656;13;TRUE;TRUE
474;50000;1000;50;17;1;527;667;159;97;97;4;97;4;TRUE;TRUE
475;50000;1000;50;17;1;438;289;219;71;71;16;71;16;TRUE;TRUE
476;50000;1000;50;17;1;131;120;60;21;21;13;21;13;TRUE;TRUE
477;50000;1000;50;17;1;1121;318;198;126;126;10;126;10;TRUE;TRUE
478;50000;1000;50;17;1;142;142;142;30;30;10;30;10;TRUE;TRUE
479;50000;1000;50;17;1;335;493;117;68;68;12;68;12;TRUE;TRUE
480;50000;1000;50;17;1;72;72;72;15;15;10;15;10;TRUE;TRUE
481;50000;1000;50;18;1;96;96;96;18;18;2;18;2;TRUE;TRUE
482;50000;1000;50;18;1;2446;1813;1644;462;462;15;462;15;TRUE;TRUE
483;50000;1000;50;18;1;694;758;528;135;135;6;135;6;TRUE;TRUE
484;50000;1000;50;18;1;1395;910;231;184;184;7;184;7;TRUE;TRUE
485;50000;1000;50;18;1;17;17;17;3;3;1;3;1;TRUE;TRUE
486;50000;1000;50;18;1;1697;328;184;154;154;6;154;6;TRUE;TRUE
487;50000;1000;50;18;1;311;329;282;62;62;8;62;8;TRUE;TRUE
488;50000;1000;50;18;1;185;207;111;32;32;7;32;7;TRUE;TRUE
489;50000;1000;50;18;1;207;207;207;42;42;12;42;12;TRUE;TRUE
490;50000;1000;50;18;1;48;48;48;9;9;9;9;9;TRUE;TRUE
491;50000;1000;50;18;1;182;182;182;36;36;13;36;13;TRUE;TRUE
492;50000;1000;50;18;1;95;81;49;14;14;8;14;8;TRUE;TRUE
493;50000;1000;50;18;1;1595;479;383;170;170;14;170;14;TRUE;TRUE
494;50000;1000;50;18;1;332;224;64;40;40;9;40;9;TRUE;TRUE
495;50000;1000;50;18;1;281;215;183;45;45;4;45;4;TRUE;TRUE
496;50000;1000;50;18;1;139;156;92;25;25;7;25;7;TRUE;TRUE
497;50000;1000;50;19;1;231;557;197;60;60;3;60;3;TRUE;TRUE
498;50000;1000;50;19;1;520;255;102;54;54;7;54;7;TRUE;TRUE
499;50000;1000;50;19;1;756;573;147;93;93;18;93;18;TRUE;TRUE
500;50000;1000;50;19;1;496;494;290;79;79;7;79;7;TRUE;TRUE
501;50000;1000;50;19;1;2300;893;893;274;274;14;274;14;TRUE;TRUE
502;50000;1000;50;19;1;18;18;18;3;3;1;3;1;TRUE;TRUE
503;50000;1000;50;19;1;751;635;278;109;109;17;109;17;TRUE;TRUE
504;50000;1000;50;19;1;760;604;240;102;102;4;102;4;TRUE;TRUE
505;50000;1000;50;19;1;199;199;199;36;36;4;36;4;TRUE;TRUE
506;50000;1000;50;19;1;1092;716;224;132;132;13;132;13;TRUE;TRUE
507;50000;1000;50;19;1;1410;1067;886;228;228;13;228;13;TRUE;TRUE
508;50000;1000;50;19;1;442;482;51;60;60;3;60;3;TRUE;TRUE
509;50000;1000;50;19;1;422;541;422;85;85;16;85;16;TRUE;TRUE
510;50000;1000;50;19;1;513;531;466;94;94;16;94;16;TRUE;TRUE
511;50000;1000;50;19;1;390;457;343;76;76;5;76;5;TRUE;TRUE
512;50000;1000;50;19;1;5187;2414;2397;695;695;16;695;16;TRUE;TRUE
513;50000;1000;50;20;1;595;408;174;68;68;2;68;2;TRUE;TRUE
514;50000;1000;50;20;1;391;178;106;39;39;3;39;3;TRUE;TRUE
515;50000;1000;50;20;1;1074;1336;714;192;192;15;192;15;TRUE;TRUE
516;50000;1000;50;20;1;402;692;354;91;91;6;91;6;TRUE;TRUE
517;50000;1000;50;20;1;120;120;120;21;21;16;21;16;TRUE;TRUE
518;50000;1000;50;20;1;826;411;339;96;96;16;96;16;TRUE;TRUE
519;50000;1000;50;20;1;1517;443;191;134;134;7;134;7;TRUE;TRUE
520;50000;1000;50;20;1;573;624;372;95;95;9;95;9;TRUE;TRUE
521;50000;1000;50;20;1;1812;270;108;135;135;14;135;14;TRUE;TRUE
522;50000;1000;50;20;1;158;248;158;32;32;2;32;2;TRUE;TRUE
523;50000;1000;50;20;1;391;459;171;59;59;10;59;10;TRUE;TRUE
524;50000;1000;50;20;1;1261;289;37;96;96;2;96;2;TRUE;TRUE
525;50000;1000;50;20;1;385;368;332;68;68;18;68;18;TRUE;TRUE
526;50000;1000;50;20;1;55;55;55;9;9;2;9;2;TRUE;TRUE
527;50000;1000;50;20;1;2595;2611;2521;487;487;13;487;13;TRUE;TRUE
528;50000;1000;50;20;1;398;519;398;76;76;4;76;4;TRUE;TRUE
529;50000;1000;50;21;1;472;410;202;60;60;9;60;9;TRUE;TRUE
530;50000;1000;50;21;1;667;752;439;105;105;7;105;7;TRUE;TRUE
531;50000;1000;50;21;1;1557;746;727;179;179;18;179;18;TRUE;TRUE
532;50000;1000;50;21;1;361;423;239;56;56;8;56;8;TRUE;TRUE
533;50000;1000;50;21;1;95;247;95;23;23;4;23;4;TRUE;TRUE
534;50000;1000;50;21;1;269;272;236;43;43;5;43;5;TRUE;TRUE
535;50000;1000;50;21;1;326;229;58;33;33;2;33;2;TRUE;TRUE
536;50000;1000;50;21;1;781;229;58;60;60;2;60;2;TRUE;TRUE
537;50000;1000;50;21;1;456;343;39;46;46;2;46;2;TRUE;TRUE
538;50000;1000;50;21;1;1284;457;286;120;120;11;120;11;TRUE;TRUE
539;50000;1000;50;21;1;439;241;222;50;50;16;50;16;TRUE;TRUE
540;50000;1000;50;21;1;620;692;391;96;96;11;96;11;TRUE;TRUE
541;50000;1000;50;21;1;202;202;202;33;33;12;33;12;TRUE;TRUE
542;50000;1000;50;21;1;1665;1091;785;209;209;10;209;10;TRUE;TRUE
543;50000;1000;50;21;1;911;883;355;122;122;14;122;14;TRUE;TRUE
544;50000;1000;50;21;1;20;20;20;3;3;1;3;1;TRUE;TRUE
545;50000;1000;50;22;1;79;79;79;12;12;5;12;5;TRUE;TRUE
546;50000;1000;50;22;1;1504;782;380;146;146;8;146;8;TRUE;TRUE
547;50000;1000;50;22;1;2455;1782;213;246;246;4;246;4;TRUE;TRUE
548;50000;1000;50;22;1;5138;611;371;354;354;19;354;19;TRUE;TRUE
549;50000;1000;50;22;1;100;100;100;15;15;6;15;6;TRUE;TRUE
550;50000;1000;50;22;1;1018;902;494;128;128;19;128;19;TRUE;TRUE
551;50000;1000;50;22;1;214;236;78;27;27;10;27;10;TRUE;TRUE
552;50000;1000;50;22;1;2039;1389;892;236;236;17;236;17;TRUE;TRUE
553;50000;1000;50;22;1;457;457;457;72;72;21;72;21;TRUE;TRUE
554;50000;1000;50;22;1;1632;880;435;160;160;7;160;7;TRUE;TRUE
555;50000;1000;50;22;1;728;588;248;83;83;5;83;5;TRUE;TRUE
556;50000;1000;50;22;1;195;179;119;25;25;11;25;11;TRUE;TRUE
557;50000;1000;50;22;1;307;307;307;48;48;19;48;19;TRUE;TRUE
558;50000;1000;50;22;1;609;454;358;76;76;18;76;18;TRUE;TRUE
559;50000;1000;50;22;1;1284;472;252;108;108;11;108;11;TRUE;TRUE
560;50000;1000;50;22;1;2115;1659;924;257;257;13;257;13;TRUE;TRUE
561;50000;1000;50;23;1;102;102;102;15;15;12;15;12;TRUE;TRUE
562;50000;1000;50;23;1;1232;482;104;94;94;11;94;11;TRUE;TRUE
563;50000;1000;50;23;1;1315;664;517;130;130;19;130;19;TRUE;TRUE
564;50000;1000;50;23;1;1528;577;183;118;118;9;118;9;TRUE;TRUE
565;50000;1000;50;23;1;22;22;22;3;3;1;3;1;TRUE;TRUE
566;50000;1000;50;23;1;408;336;84;40;40;15;40;15;TRUE;TRUE
567;50000;1000;50;23;1;4289;2866;788;419;419;11;419;11;TRUE;TRUE
568;50000;1000;50;23;1;186;186;186;27;27;7;27;7;TRUE;TRUE
569;50000;1000;50;23;1;226;499;226;46;46;7;46;7;TRUE;TRUE
570;50000;1000;50;23;1;935;460;397;92;92;4;92;4;TRUE;TRUE
571;50000;1000;50;23;1;1824;455;287;134;134;17;134;17;TRUE;TRUE
572;50000;1000;50;23;1;3414;2594;837;357;357;14;357;14;TRUE;TRUE
573;50000;1000;50;23;1;381;423;381;59;59;8;59;8;TRUE;TRUE
574;50000;1000;50;23;1;4682;1155;987;371;371;15;371;15;TRUE;TRUE
575;50000;1000;50;23;1;790;655;655;106;106;5;106;5;TRUE;TRUE
576;50000;1000;50;23;1;4533;577;262;300;300;21;300;21;TRUE;TRUE
577;50000;1000;50;24;1;2674;812;354;191;191;15;191;15;TRUE;TRUE
578;50000;1000;50;24;1;1874;1354;1046;208;208;15;208;15;TRUE;TRUE
579;50000;1000;50;24;1;45;45;45;6;6;7;6;7;TRUE;TRUE
580;50000;1000;50;24;1;1827;375;67;111;111;2;111;2;TRUE;TRUE
581;50000;1000;50;24;1;9365;7142;6589;1182;1182;23;1182;23;TRUE;TRUE
582;50000;1000;50;24;1;952;972;910;140;140;22;140;22;TRUE;TRUE
583;50000;1000;50;24;1;15755;3083;2753;1161;1161;11;1161;11;TRUE;TRUE
584;50000;1000;50;24;1;217;217;217;30;30;16;30;16;TRUE;TRUE
585;50000;1000;50;24;1;336;482;213;49;49;6;49;6;TRUE;TRUE
586;50000;1000;50;24;1;3018;1254;946;259;259;21;259;21;TRUE;TRUE
587;50000;1000;50;24;1;23;23;23;3;3;1;3;1;TRUE;TRUE
588;50000;1000;50;24;1;2633;2723;2134;384;384;12;384;12;TRUE;TRUE
589;50000;1000;50;24;1;914;897;854;131;131;20;131;20;TRUE;TRUE
590;50000;1000;50;24;1;1256;773;448;119;119;4;119;4;TRUE;TRUE
591;50000;1000;50;24;1;109;417;109;29;29;16;29;16;TRUE;TRUE
592;50000;1000;50;24;1;14554;5982;5748;1391;1391;20;1391;20;TRUE;TRUE
593;50000;1000;50;25;1;1451;437;92;93;93;16;93;16;TRUE;TRUE
594;50000;1000;50;25;1;1044;461;70;72;72;2;72;2;TRUE;TRUE
595;50000;1000;50;25;1;1236;1258;541;142;142;11;142;11;TRUE;TRUE
596;50000;1000;50;25;1;2816;1749;1140;272;272;9;272;9;TRUE;TRUE
597;50000;1000;50;25;1;631;920;527;95;95;5;95;5;TRUE;TRUE
598;50000;1000;50;25;1;21750;16513;15607;2778;2778;16;2778;16;TRUE;TRUE
599;50000;1000;50;25;1;5436;2681;2371;503;503;12;503;12;TRUE;TRUE
600;50000;1000;50;25;1;1598;477;224;107;107;9;107;9;TRUE;TRUE
601;50000;1000;50;25;1;3513;1385;1293;303;303;19;303;19;TRUE;TRUE
602;50000;1000;50;25;1;10548;8556;5715;1213;1213;23;1213;23;TRUE;TRUE
603;50000;1000;50;25;1;309;243;243;36;36;17;36;17;TRUE;TRUE
604;50000;1000;50;25;1;204;227;204;28;28;4;28;4;TRUE;TRUE
605;50000;1000;50;25;1;17633;11959;11776;2093;2093;9;2093;9;TRUE;TRUE
606;50000;1000;50;25;1;401;424;401;55;55;5;55;5;TRUE;TRUE
607;50000;1000;50;25;1;1222;1222;1222;171;171;4;171;4;TRUE;TRUE
608;50000;1000;50;25;1;116;116;116;15;15;18;15;18;TRUE;TRUE
609;50000;1000;50;26;1;3418;1305;792;250;250;10;250;10;TRUE;TRUE
610;50000;1000;50;26;1;3737;1496;977;285;285;11;285;11;TRUE;TRUE
611;50000;1000;50;26;1;1519;1328;395;142;142;8;142;8;TRUE;TRUE
612;50000;1000;50;26;1;6851;2519;2159;531;531;25;531;25;TRUE;TRUE
613;50000;1000;50;26;1;1297;1439;592;146;146;6;146;6;TRUE;TRUE
614;50000;1000;50;26;1;3766;2875;2195;407;407;24;407;24;TRUE;TRUE
615;50000;1000;50;26;1;1191;958;576;124;124;24;124;24;TRUE;TRUE
616;50000;1000;50;26;1;120;120;120;15;15;3;15;3;TRUE;TRUE
617;50000;1000;50;26;1;1354;591;189;96;96;9;96;9;TRUE;TRUE
618;50000;1000;50;26;1;2045;1231;1044;196;196;9;196;9;TRUE;TRUE
619;50000;1000;50;26;1;96;96;96;12;12;17;12;17;TRUE;TRUE
620;50000;1000;50;26;1;4113;2608;687;340;340;23;340;23;TRUE;TRUE
621;50000;1000;50;26;1;187;265;73;22;22;2;22;2;TRUE;TRUE
622;50000;1000;50;26;1;1769;1035;867;166;166;20;166;20;TRUE;TRUE
623;50000;1000;50;26;1;1078;633;441;94;94;19;94;19;TRUE;TRUE
624;50000;1000;50;26;1;532;503;143;50;50;3;50;3;TRUE;TRUE
625;50000;1000;50;27;1;799;624;149;64;64;21;64;21;TRUE;TRUE
626;50000;1000;50;27;1;492;715;310;64;64;19;64;19;TRUE;TRUE
627;50000;1000;50;27;1;2998;814;439;190;190;9;190;9;TRUE;TRUE
628;50000;1000;50;27;1;621;778;337;72;72;7;72;7;TRUE;TRUE
629;50000;1000;50;27;1;26;26;26;3;3;1;3;1;TRUE;TRUE
630;50000;1000;50;27;1;1298;1298;1298;168;168;18;168;18;TRUE;TRUE
631;50000;1000;50;27;1;51;51;51;6;6;4;6;4;TRUE;TRUE
632;50000;1000;50;27;1;51;51;51;6;6;24;6;24;TRUE;TRUE
633;50000;1000;50;27;1;125;125;125;15;15;7;15;7;TRUE;TRUE
634;50000;1000;50;27;1;1035;1038;436;106;106;12;106;12;TRUE;TRUE
635;50000;1000;50;27;1;3266;697;197;180;180;17;180;17;TRUE;TRUE
636;50000;1000;50;27;1;995;564;264;78;78;19;78;19;TRUE;TRUE
637;50000;1000;50;27;1;644;906;511;85;85;3;85;3;TRUE;TRUE
638;50000;1000;50;27;1;270;297;197;31;31;18;31;18;TRUE;TRUE
639;50000;1000;50;27;1;3096;987;737;210;210;7;210;7;TRUE;TRUE
640;50000;1000;50;27;1;2184;1321;1271;204;204;19;204;19;TRUE;TRUE
641;50000;1000;50;28;1;281;493;155;36;36;25;36;25;TRUE;TRUE
642;50000;1000;50;28;1;6330;2553;2085;463;463;22;463;22;TRUE;TRUE
643;50000;1000;50;28;1;251;303;251;32;32;12;32;12;TRUE;TRUE
644;50000;1000;50;28;1;1109;997;477;103;103;8;103;8;TRUE;TRUE
645;50000;1000;50;28;1;3204;416;78;153;153;4;153;4;TRUE;TRUE
646;50000;1000;50;28;1;1351;801;645;114;114;8;114;8;TRUE;TRUE
647;50000;1000;50;28;1;205;205;179;23;23;17;23;17;TRUE;TRUE
648;50000;1000;50;28;1;27;27;27;3;3;1;3;1;TRUE;TRUE
649;50000;1000;50;28;1;8131;417;53;379;379;2;379;2;TRUE;TRUE
650;50000;1000;50;28;1;2620;1467;1182;221;221;20;221;20;TRUE;TRUE
651;50000;1000;50;28;1;790;790;790;96;96;23;96;23;TRUE;TRUE
652;50000;1000;50;28;1;778;608;428;72;72;19;72;19;TRUE;TRUE
653;50000;1000;50;28;1;13883;5346;4235;1044;1044;24;1044;24;TRUE;TRUE
654;50000;1000;50;28;1;922;970;632;100;100;18;100;18;TRUE;TRUE
655;50000;1000;50;28;1;2770;492;180;141;141;24;141;24;TRUE;TRUE
656;50000;1000;50;28;1;4326;1350;537;260;260;20;260;20;TRUE;TRUE
657;50000;1000;50;29;1;1761;324;135;87;87;22;87;22;TRUE;TRUE
658;50000;1000;50;29;1;490;919;237;63;63;3;63;3;TRUE;TRUE
659;50000;1000;50;29;1;2460;1040;266;148;148;3;148;3;TRUE;TRUE
660;50000;1000;50;29;1;28;28;28;3;3;1;3;1;TRUE;TRUE
661;50000;1000;50;29;1;109;109;109;12;12;20;12;20;TRUE;TRUE
662;50000;1000;50;29;1;28;28;28;3;3;1;3;1;TRUE;TRUE
663;50000;1000;50;29;1;5772;2772;1545;417;417;19;417;19;TRUE;TRUE
664;50000;1000;50;29;1;4937;1891;865;313;313;9;313;9;TRUE;TRUE
665;50000;1000;50;29;1;2587;3131;1537;288;288;5;288;5;TRUE;TRUE
666;50000;1000;50;29;1;4744;1028;380;251;251;18;251;18;TRUE;TRUE
667;50000;1000;50;29;1;561;377;107;40;40;13;40;13;TRUE;TRUE
668;50000;1000;50;29;1;2428;1537;1078;200;200;27;200;27;TRUE;TRUE
669;50000;1000;50;29;1;3772;1928;1820;305;305;19;305;19;TRUE;TRUE
670;50000;1000;50;29;1;7350;2962;2563;526;526;28;526;28;TRUE;TRUE
671;50000;1000;50;29;1;2198;593;161;116;116;21;116;21;TRUE;TRUE
672;50000;1000;50;29;1;1643;1924;1019;179;179;26;179;26;TRUE;TRUE
673;50000;1000;50;30;1;409;409;409;45;45;19;45;19;TRUE;TRUE
674;50000;1000;50;30;1;1609;1813;1216;175;175;13;175;13;TRUE;TRUE
675;50000;1000;50;30;1;2000;449;85;97;97;2;97;2;TRUE;TRUE
676;50000;1000;50;30;1;2020;1135;1025;157;157;18;157;18;TRUE;TRUE
677;50000;1000;50;30;1;13899;11553;11255;1485;1485;29;1485;29;TRUE;TRUE
678;50000;1000;50;30;1;3118;1049;276;172;172;11;172;11;TRUE;TRUE
679;50000;1000;50;30;1;4068;1288;672;233;233;10;233;10;TRUE;TRUE
680;50000;1000;50;30;1;5021;1485;878;285;285;22;285;22;TRUE;TRUE
681;50000;1000;50;30;1;330;330;330;36;36;5;36;5;TRUE;TRUE
682;50000;1000;50;30;1;2236;616;168;117;117;10;117;10;TRUE;TRUE
683;50000;1000;50;30;1;1623;2169;694;168;168;7;168;7;TRUE;TRUE
684;50000;1000;50;30;1;542;437;409;51;51;13;51;13;TRUE;TRUE
685;50000;1000;50;30;1;29;29;29;3;3;1;3;1;TRUE;TRUE
686;50000;1000;50;30;1;29;29;29;3;3;1;3;1;TRUE;TRUE
687;50000;1000;50;30;1;2413;1532;1252;197;197;9;197;9;TRUE;TRUE
688;50000;1000;50;30;1;2944;1210;650;180;180;10;180;10;TRUE;TRUE
689;50000;1000;50;31;1;1740;891;369;108;108;29;108;29;TRUE;TRUE
690;50000;1000;50;31;1;289;289;289;30;30;4;30;4;TRUE;TRUE
691;50000;1000;50;31;1;6080;895;344;276;276;7;276;7;TRUE;TRUE
692;50000;1000;50;31;1;2942;1501;1327;215;215;15;215;15;TRUE;TRUE
693;50000;1000;50;31;1;14536;3316;2881;808;808;14;808;14;TRUE;TRUE
694;50000;1000;50;31;1;5003;1124;667;252;252;6;252;6;TRUE;TRUE
695;50000;1000;50;31;1;7778;6380;5489;734;734;16;734;16;TRUE;TRUE
696;50000;1000;50;31;1;1754;1513;368;130;130;9;130;9;TRUE;TRUE
697;50000;1000;50;31;1;1770;1244;780;137;137;16;137;16;TRUE;TRUE
698;50000;1000;50;31;1;314;604;314;43;43;30;43;30;TRUE;TRUE
699;50000;1000;50;31;1;1427;714;482;94;94;6;94;6;TRUE;TRUE
700;50000;1000;50;31;1;908;1488;879;118;118;14;118;14;TRUE;TRUE
701;50000;1000;50;31;1;283;283;283;30;30;2;30;2;TRUE;TRUE
702;50000;1000;50;31;1;4625;2486;1214;305;305;9;305;9;TRUE;TRUE
703;50000;1000;50;31;1;6150;2074;752;333;333;14;333;14;TRUE;TRUE
704;50000;1000;50;31;1;2427;1145;362;143;143;23;143;23;TRUE;TRUE
705;50000;1000;75;10;1;9;9;9;3;3;1;3;1;TRUE;TRUE
706;50000;1000;75;10;1;39;39;39;15;15;3;15;3;TRUE;TRUE
707;50000;1000;75;10;1;24;24;24;9;9;9;9;9;TRUE;TRUE
708;50000;1000;75;10;1;68;92;68;30;30;3;30;3;TRUE;TRUE
709;50000;1000;75;10;1;9;9;9;3;3;1;3;1;TRUE;TRUE
710;50000;1000;75;10;1;97;97;97;42;42;9;42;9;TRUE;TRUE
711;50000;1000;75;10;1;17;65;17;12;12;2;12;2;TRUE;TRUE
712;50000;1000;75;10;1;202;182;78;67;67;4;67;4;TRUE;TRUE
713;50000;1000;75;10;1;25;73;17;14;14;2;14;2;TRUE;TRUE
714;50000;1000;75;10;1;85;63;47;26;26;5;26;5;TRUE;TRUE
715;50000;1000;75;10;1;24;24;24;9;9;7;9;7;TRUE;TRUE
716;50000;1000;75;10;1;48;65;33;18;18;7;18;7;TRUE;TRUE
717;50000;1000;75;10;1;33;65;33;16;16;5;16;5;TRUE;TRUE
718;50000;1000;75;10;1;9;9;9;3;3;1;3;1;TRUE;TRUE
719;50000;1000;75;10;1;9;9;9;3;3;1;3;1;TRUE;TRUE
720;50000;1000;75;10;1;344;344;344;168;168;7;168;7;TRUE;TRUE
721;50000;1000;75;11;1;75;75;75;27;27;5;27;5;TRUE;TRUE
722;50000;1000;75;11;1;10;10;10;3;3;1;3;1;TRUE;TRUE
723;50000;1000;75;11;1;37;46;19;11;11;2;11;2;TRUE;TRUE
724;50000;1000;75;11;1;19;19;19;6;6;7;6;7;TRUE;TRUE
725;50000;1000;75;11;1;125;94;76;36;36;4;36;4;TRUE;TRUE
726;50000;1000;75;11;1;238;319;155;93;93;9;93;9;TRUE;TRUE
727;50000;1000;75;11;1;44;44;44;15;15;9;15;9;TRUE;TRUE
728;50000;1000;75;11;1;10;10;10;3;3;1;3;1;TRUE;TRUE
729;50000;1000;75;11;1;107;120;75;36;36;3;36;3;TRUE;TRUE
730;50000;1000;75;11;1;86;274;69;51;51;3;51;3;TRUE;TRUE
731;50000;1000;75;11;1;371;233;131;99;99;5;99;5;TRUE;TRUE
732;50000;1000;75;11;1;10;10;10;3;3;1;3;1;TRUE;TRUE
733;50000;1000;75;11;1;227;141;80;57;57;8;57;8;TRUE;TRUE
734;50000;1000;75;11;1;113;113;113;42;42;6;42;6;TRUE;TRUE
735;50000;1000;75;11;1;44;62;44;17;17;8;17;8;TRUE;TRUE
736;50000;1000;75;11;1;78;78;78;27;27;3;27;3;TRUE;TRUE
737;50000;1000;75;12;1;346;136;86;64;64;4;64;4;TRUE;TRUE
738;50000;1000;75;12;1;11;11;11;3;3;1;3;1;TRUE;TRUE
739;50000;1000;75;12;1;11;11;11;3;3;1;3;1;TRUE;TRUE
740;50000;1000;75;12;1;59;89;59;21;21;7;21;7;TRUE;TRUE
741;50000;1000;75;12;1;259;276;147;82;82;11;82;11;TRUE;TRUE
742;50000;1000;75;12;1;49;49;30;13;13;3;13;3;TRUE;TRUE
743;50000;1000;75;12;1;417;159;109;82;82;9;82;9;TRUE;TRUE
744;50000;1000;75;12;1;130;97;48;29;29;11;29;11;TRUE;TRUE
745;50000;1000;75;12;1;363;321;301;118;118;9;118;9;TRUE;TRUE
746;50000;1000;75;12;1;118;118;118;39;39;5;39;5;TRUE;TRUE
747;50000;1000;75;12;1;181;175;116;52;52;7;52;7;TRUE;TRUE
748;50000;1000;75;12;1;73;73;73;24;24;6;24;6;TRUE;TRUE
749;50000;1000;75;12;1;75;85;75;25;25;8;25;8;TRUE;TRUE
750;50000;1000;75;12;1;11;11;11;3;3;1;3;1;TRUE;TRUE
751;50000;1000;75;12;1;202;202;202;69;69;10;69;10;TRUE;TRUE
752;50000;1000;75;12;1;116;137;107;37;37;7;37;7;TRUE;TRUE
753;50000;1000;75;13;1;136;171;116;40;40;4;40;4;TRUE;TRUE
754;50000;1000;75;13;1;441;441;441;141;141;12;141;12;TRUE;TRUE
755;50000;1000;75;13;1;259;373;146;82;82;9;82;9;TRUE;TRUE
756;50000;1000;75;13;1;232;108;75;43;43;5;43;5;TRUE;TRUE
757;50000;1000;75;13;1;182;132;110;43;43;8;43;8;TRUE;TRUE
758;50000;1000;75;13;1;23;23;23;6;6;5;6;5;TRUE;TRUE
759;50000;1000;75;13;1;1824;613;547;362;362;12;362;12;TRUE;TRUE
760;50000;1000;75;13;1;428;225;161;86;86;8;86;8;TRUE;TRUE
761;50000;1000;75;13;1;633;436;303;146;146;11;146;11;TRUE;TRUE
762;50000;1000;75;13;1;65;86;55;19;19;3;19;3;TRUE;TRUE
763;50000;1000;75;13;1;146;228;96;48;48;4;48;4;TRUE;TRUE
764;50000;1000;75;13;1;76;76;76;21;21;11;21;11;TRUE;TRUE
765;50000;1000;75;13;1;169;171;138;45;45;8;45;8;TRUE;TRUE
766;50000;1000;75;13;1;354;300;153;85;85;11;85;11;TRUE;TRUE
767;50000;1000;75;13;1;75;55;55;17;17;4;17;4;TRUE;TRUE
768;50000;1000;75;13;1;44;100;23;15;15;2;15;2;TRUE;TRUE
769;50000;1000;75;14;1;147;147;147;42;42;5;42;5;TRUE;TRUE
770;50000;1000;75;14;1;37;37;37;9;9;3;9;3;TRUE;TRUE
771;50000;1000;75;14;1;188;188;188;51;51;13;51;13;TRUE;TRUE
772;50000;1000;75;14;1;82;116;60;22;22;3;22;3;TRUE;TRUE
773;50000;1000;75;14;1;578;360;291;117;117;4;117;4;TRUE;TRUE
774;50000;1000;75;14;1;103;103;103;27;27;12;27;12;TRUE;TRUE
775;50000;1000;75;14;1;37;37;37;9;9;8;9;8;TRUE;TRUE
776;50000;1000;75;14;1;318;132;60;45;45;5;45;5;TRUE;TRUE
777;50000;1000;75;14;1;263;117;81;41;41;10;41;10;TRUE;TRUE
778;50000;1000;75;14;1;81;81;81;21;21;7;21;7;TRUE;TRUE
779;50000;1000;75;14;1;82;82;82;21;21;9;21;9;TRUE;TRUE
780;50000;1000;75;14;1;47;47;36;11;11;3;11;3;TRUE;TRUE
781;50000;1000;75;14;1;25;25;25;6;6;2;6;2;TRUE;TRUE
782;50000;1000;75;14;1;248;283;194;64;64;7;64;7;TRUE;TRUE
783;50000;1000;75;14;1;154;154;154;42;42;12;42;12;TRUE;TRUE
784;50000;1000;75;14;1;379;229;80;64;64;11;64;11;TRUE;TRUE
785;50000;1000;75;15;1;27;27;27;6;6;4;6;4;TRUE;TRUE
786;50000;1000;75;15;1;163;163;163;39;39;13;39;13;TRUE;TRUE
787;50000;1000;75;15;1;159;300;97;45;45;4;45;4;TRUE;TRUE
788;50000;1000;75;15;1;27;27;27;6;6;13;6;13;TRUE;TRUE
789;50000;1000;75;15;1;52;52;52;12;12;11;12;11;TRUE;TRUE
790;50000;1000;75;15;1;503;441;159;93;93;14;93;14;TRUE;TRUE
791;50000;1000;75;15;1;376;131;40;49;49;6;49;6;TRUE;TRUE
792;50000;1000;75;15;1;14;14;14;3;3;1;3;1;TRUE;TRUE
793;50000;1000;75;15;1;14;14;14;3;3;1;3;1;TRUE;TRUE
794;50000;1000;75;15;1;694;168;77;81;81;6;81;6;TRUE;TRUE
795;50000;1000;75;15;1;146;146;146;36;36;6;36;6;TRUE;TRUE
796;50000;1000;75;15;1;482;365;352;106;106;10;106;10;TRUE;TRUE
797;50000;1000;75;15;1;140;141;102;30;30;4;30;4;TRUE;TRUE
798;50000;1000;75;15;1;14;14;14;3;3;1;3;1;TRUE;TRUE
799;50000;1000;75;15;1;881;371;113;117;117;3;117;3;TRUE;TRUE
800;50000;1000;75;15;1;237;151;138;43;43;7;43;7;TRUE;TRUE
801;50000;1000;75;16;1;189;189;189;42;42;10;42;10;TRUE;TRUE
802;50000;1000;75;16;1;15;15;15;3;3;1;3;1;TRUE;TRUE
803;50000;1000;75;16;1;636;219;149;78;78;12;78;12;TRUE;TRUE
804;50000;1000;75;16;1;189;249;69;37;37;7;37;7;TRUE;TRUE
805;50000;1000;75;16;1;171;225;158;42;42;15;42;15;TRUE;TRUE
806;50000;1000;75;16;1;156;145;145;34;34;10;34;10;TRUE;TRUE
807;50000;1000;75;16;1;496;361;131;77;77;10;77;10;TRUE;TRUE
808;50000;1000;75;16;1;316;379;215;68;68;11;68;11;TRUE;TRUE
809;50000;1000;75;16;1;212;212;212;48;48;7;48;7;TRUE;TRUE
810;50000;1000;75;16;1;1535;617;547;227;227;12;227;12;TRUE;TRUE
811;50000;1000;75;16;1;351;140;56;42;42;4;42;4;TRUE;TRUE
812;50000;1000;75;16;1;43;43;43;9;9;9;9;9;TRUE;TRUE
813;50000;1000;75;16;1;43;43;43;9;9;4;9;4;TRUE;TRUE
814;50000;1000;75;16;1;896;718;676;191;191;12;191;12;TRUE;TRUE
815;50000;1000;75;16;1;248;1276;248;140;140;6;140;6;TRUE;TRUE
816;50000;1000;75;16;1;15;15;15;3;3;1;3;1;TRUE;TRUE
817;50000;1000;75;17;1;494;246;157;66;66;7;66;7;TRUE;TRUE
818;50000;1000;75;17;1;103;103;103;21;21;13;21;13;TRUE;TRUE
819;50000;1000;75;17;1;636;756;636;152;152;14;152;14;TRUE;TRUE
820;50000;1000;75;17;1;552;442;337;95;95;12;95;12;TRUE;TRUE
821;50000;1000;75;17;1;462;667;126;93;93;6;93;6;TRUE;TRUE
822;50000;1000;75;17;1;283;207;132;43;43;9;43;9;TRUE;TRUE
823;50000;1000;75;17;1;272;473;216;67;67;5;67;5;TRUE;TRUE
824;50000;1000;75;17;1;678;678;678;153;153;13;153;13;TRUE;TRUE
825;50000;1000;75;17;1;773;517;387;128;128;14;128;14;TRUE;TRUE
826;50000;1000;75;17;1;145;145;145;30;30;15;30;15;TRUE;TRUE
827;50000;1000;75;17;1;1522;453;348;172;172;13;172;13;TRUE;TRUE
828;50000;1000;75;17;1;545;650;233;104;104;10;104;10;TRUE;TRUE
829;50000;1000;75;17;1;191;251;176;45;45;8;45;8;TRUE;TRUE
830;50000;1000;75;17;1;141;156;141;31;31;2;31;2;TRUE;TRUE
831;50000;1000;75;17;1;1492;1334;1306;320;320;16;320;16;TRUE;TRUE
832;50000;1000;75;17;1;76;91;76;16;16;8;16;8;TRUE;TRUE
833;50000;1000;75;18;1;254;297;63;40;40;3;40;3;TRUE;TRUE
834;50000;1000;75;18;1;17;17;17;3;3;1;3;1;TRUE;TRUE
835;50000;1000;75;18;1;581;613;581;122;122;11;122;11;TRUE;TRUE
836;50000;1000;75;18;1;228;228;228;45;45;3;45;3;TRUE;TRUE
837;50000;1000;75;18;1;429;429;429;90;90;6;90;6;TRUE;TRUE
838;50000;1000;75;18;1;280;280;280;57;57;16;57;16;TRUE;TRUE
839;50000;1000;75;18;1;1180;1210;786;227;227;4;227;4;TRUE;TRUE
840;50000;1000;75;18;1;536;547;223;88;88;5;88;5;TRUE;TRUE
841;50000;1000;75;18;1;405;910;200;100;100;16;100;16;TRUE;TRUE
842;50000;1000;75;18;1;1438;916;692;225;225;9;225;9;TRUE;TRUE
843;50000;1000;75;18;1;33;33;33;6;6;2;6;2;TRUE;TRUE
844;50000;1000;75;18;1;271;560;151;65;65;4;65;4;TRUE;TRUE
845;50000;1000;75;18;1;735;261;181;81;81;15;81;15;TRUE;TRUE
846;50000;1000;75;18;1;170;129;49;22;22;2;22;2;TRUE;TRUE
847;50000;1000;75;18;1;234;235;187;42;42;6;42;6;TRUE;TRUE
848;50000;1000;75;18;1;1186;372;228;126;126;6;126;6;TRUE;TRUE
849;50000;1000;75;19;1;3848;1577;730;432;432;12;432;12;TRUE;TRUE
850;50000;1000;75;19;1;480;305;152;57;57;10;57;10;TRUE;TRUE
851;50000;1000;75;19;1;437;266;132;52;52;10;52;10;TRUE;TRUE
852;50000;1000;75;19;1;587;238;102;58;58;13;58;13;TRUE;TRUE
853;50000;1000;75;19;1;504;238;51;50;50;16;50;16;TRUE;TRUE
854;50000;1000;75;19;1;35;35;35;6;6;14;6;14;TRUE;TRUE
855;50000;1000;75;19;1;519;573;312;90;90;15;90;15;TRUE;TRUE
856;50000;1000;75;19;1;2962;383;230;248;248;18;248;18;TRUE;TRUE
857;50000;1000;75;19;1;1532;494;256;150;150;6;150;6;TRUE;TRUE
858;50000;1000;75;19;1;501;439;323;82;82;9;82;9;TRUE;TRUE
859;50000;1000;75;19;1;52;52;52;9;9;7;9;7;TRUE;TRUE
860;50000;1000;75;19;1;891;408;276;102;102;6;102;6;TRUE;TRUE
861;50000;1000;75;19;1;338;253;118;43;43;9;43;9;TRUE;TRUE
862;50000;1000;75;19;1;481;481;481;93;93;13;93;13;TRUE;TRUE
863;50000;1000;75;19;1;278;278;245;49;49;5;49;5;TRUE;TRUE
864;50000;1000;75;19;1;702;205;35;59;59;2;59;2;TRUE;TRUE
865;50000;1000;75;20;1;2550;285;195;196;196;17;196;17;TRUE;TRUE
866;50000;1000;75;20;1;72;199;37;17;17;2;17;2;TRUE;TRUE
867;50000;1000;75;20;1;380;442;316;65;65;6;65;6;TRUE;TRUE
868;50000;1000;75;20;1;1774;1168;704;230;230;9;230;9;TRUE;TRUE
869;50000;1000;75;20;1;187;163;37;22;22;2;22;2;TRUE;TRUE
870;50000;1000;75;20;1;1018;1051;714;169;169;5;169;5;TRUE;TRUE
871;50000;1000;75;20;1;774;595;173;91;91;7;91;7;TRUE;TRUE
872;50000;1000;75;20;1;676;280;190;68;68;7;68;7;TRUE;TRUE
873;50000;1000;75;20;1;3772;1375;1213;407;407;17;407;17;TRUE;TRUE
874;50000;1000;75;20;1;417;417;417;75;75;9;75;9;TRUE;TRUE
875;50000;1000;75;20;1;432;474;348;72;72;4;72;4;TRUE;TRUE
876;50000;1000;75;20;1;1837;1975;1607;348;348;6;348;6;TRUE;TRUE
877;50000;1000;75;20;1;5024;4476;4215;886;886;19;886;19;TRUE;TRUE
878;50000;1000;75;20;1;1746;953;684;218;218;16;218;16;TRUE;TRUE
879;50000;1000;75;20;1;1402;849;692;183;183;18;183;18;TRUE;TRUE
880;50000;1000;75;20;1;1585;685;266;156;156;10;156;10;TRUE;TRUE
881;50000;1000;75;21;1;1017;358;187;88;88;15;88;15;TRUE;TRUE
882;50000;1000;75;21;1;20;20;20;3;3;1;3;1;TRUE;TRUE
883;50000;1000;75;21;1;131;131;131;21;21;8;21;8;TRUE;TRUE
884;50000;1000;75;21;1;2009;1386;1056;260;260;14;260;14;TRUE;TRUE
885;50000;1000;75;21;1;760;285;114;64;64;4;64;4;TRUE;TRUE
886;50000;1000;75;21;1;76;76;76;12;12;19;12;19;TRUE;TRUE
887;50000;1000;75;21;1;39;39;39;6;6;11;6;11;TRUE;TRUE
888;50000;1000;75;21;1;458;414;131;55;55;4;55;4;TRUE;TRUE
889;50000;1000;75;21;1;551;419;200;65;65;13;65;13;TRUE;TRUE
890;50000;1000;75;21;1;3834;2723;1883;509;509;15;509;15;TRUE;TRUE
891;50000;1000;75;21;1;791;370;218;77;77;14;77;14;TRUE;TRUE
892;50000;1000;75;21;1;404;153;39;33;33;2;33;2;TRUE;TRUE
893;50000;1000;75;21;1;596;465;427;84;84;16;84;16;TRUE;TRUE
894;50000;1000;75;21;1;501;707;253;83;83;14;83;14;TRUE;TRUE
895;50000;1000;75;21;1;737;1642;347;153;153;18;153;18;TRUE;TRUE
896;50000;1000;75;21;1;589;134;96;46;46;6;46;6;TRUE;TRUE
897;50000;1000;75;22;1;2565;2320;819;318;318;7;318;7;TRUE;TRUE
898;50000;1000;75;22;1;1735;1159;247;171;171;12;171;12;TRUE;TRUE
899;50000;1000;75;22;1;1793;1923;1418;284;284;12;284;12;TRUE;TRUE
900;50000;1000;75;22;1;547;180;120;44;44;8;44;8;TRUE;TRUE
901;50000;1000;75;22;1;60;60;60;9;9;14;9;14;TRUE;TRUE
902;50000;1000;75;22;1;1530;1462;1462;250;250;14;250;14;TRUE;TRUE
903;50000;1000;75;22;1;584;522;443;81;81;14;81;14;TRUE;TRUE
904;50000;1000;75;22;1;621;329;329;67;67;21;67;21;TRUE;TRUE
905;50000;1000;75;22;1;2523;588;488;206;206;17;206;17;TRUE;TRUE
906;50000;1000;75;22;1;599;619;599;97;97;12;97;12;TRUE;TRUE
907;50000;1000;75;22;1;896;875;174;104;104;5;104;5;TRUE;TRUE
908;50000;1000;75;22;1;468;239;119;43;43;8;43;8;TRUE;TRUE
909;50000;1000;75;22;1;320;909;117;70;70;7;70;7;TRUE;TRUE
910;50000;1000;75;22;1;2603;2568;2508;440;440;20;440;20;TRUE;TRUE
911;50000;1000;75;22;1;1096;365;265;94;94;21;94;21;TRUE;TRUE
912;50000;1000;75;22;1;419;510;120;55;55;3;55;3;TRUE;TRUE
913;50000;1000;75;23;1;722;250;166;57;57;13;57;13;TRUE;TRUE
914;50000;1000;75;23;1;640;311;207;57;57;13;57;13;TRUE;TRUE
915;50000;1000;75;23;1;796;817;796;124;124;22;124;22;TRUE;TRUE
916;50000;1000;75;23;1;22;22;22;3;3;1;3;1;TRUE;TRUE
917;50000;1000;75;23;1;861;441;147;73;73;2;73;2;TRUE;TRUE
918;50000;1000;75;23;1;1049;660;576;116;116;14;116;14;TRUE;TRUE
919;50000;1000;75;23;1;3135;399;126;193;193;11;193;11;TRUE;TRUE
920;50000;1000;75;23;1;938;249;144;69;69;4;69;4;TRUE;TRUE
921;50000;1000;75;23;1;2066;930;380;178;178;17;178;17;TRUE;TRUE
922;50000;1000;75;23;1;784;628;343;88;88;22;88;22;TRUE;TRUE
923;50000;1000;75;23;1;1177;903;518;132;132;7;132;7;TRUE;TRUE
924;50000;1000;75;23;1;2396;1123;903;230;230;17;230;17;TRUE;TRUE
925;50000;1000;75;23;1;1339;477;143;101;101;19;101;19;TRUE;TRUE
926;50000;1000;75;23;1;440;421;85;46;46;2;46;2;TRUE;TRUE
927;50000;1000;75;23;1;923;253;85;64;64;14;64;14;TRUE;TRUE
928;50000;1000;75;23;1;472;507;163;58;58;11;58;11;TRUE;TRUE
929;50000;1000;75;24;1;153;153;153;21;21;7;21;7;TRUE;TRUE
930;50000;1000;75;24;1;1599;518;234;115;115;5;115;5;TRUE;TRUE
931;50000;1000;75;24;1;1675;331;67;108;108;2;108;2;TRUE;TRUE
932;50000;1000;75;24;1;5773;2279;1106;463;463;14;463;14;TRUE;TRUE
933;50000;1000;75;24;1;1033;655;212;91;91;4;91;4;TRUE;TRUE
934;50000;1000;75;24;1;2458;436;150;154;154;4;154;4;TRUE;TRUE
935;50000;1000;75;24;1;2243;1012;772;197;197;15;197;15;TRUE;TRUE
936;50000;1000;75;24;1;2532;1436;583;225;225;15;225;15;TRUE;TRUE
937;50000;1000;75;24;1;1045;243;67;66;66;4;66;4;TRUE;TRUE
938;50000;1000;75;24;1;1456;908;798;156;156;18;156;18;TRUE;TRUE
939;50000;1000;75;24;1;445;670;362;69;69;9;69;9;TRUE;TRUE
940;50000;1000;75;24;1;88;88;88;12;12;3;12;3;TRUE;TRUE
941;50000;1000;75;24;1;1597;979;299;139;139;3;139;3;TRUE;TRUE
942;50000;1000;75;24;1;766;849;214;88;88;4;88;4;TRUE;TRUE
943;50000;1000;75;24;1;172;242;66;22;22;20;22;20;TRUE;TRUE
944;50000;1000;75;24;1;1429;1440;1123;199;199;14;199;14;TRUE;TRUE
945;50000;1000;75;25;1;1904;4148;506;308;308;4;308;4;TRUE;TRUE
946;50000;1000;75;25;1;1501;965;478;137;137;16;137;16;TRUE;TRUE
947;50000;1000;75;25;1;2254;2888;510;266;266;6;266;6;TRUE;TRUE
948;50000;1000;75;25;1;2484;344;137;141;141;24;141;24;TRUE;TRUE
949;50000;1000;75;25;1;2724;745;264;174;174;12;174;12;TRUE;TRUE
950;50000;1000;75;25;1;630;413;183;55;55;24;55;24;TRUE;TRUE
951;50000;1000;75;25;1;1271;1826;1189;201;201;11;201;11;TRUE;TRUE
952;50000;1000;75;25;1;2688;2617;2382;378;378;19;378;19;TRUE;TRUE
953;50000;1000;75;25;1;379;228;159;34;34;22;34;22;TRUE;TRUE
954;50000;1000;75;25;1;180;180;180;24;24;8;24;8;TRUE;TRUE
955;50000;1000;75;25;1;3887;1186;663;277;277;6;277;6;TRUE;TRUE
956;50000;1000;75;25;1;4555;1803;896;359;359;22;359;22;TRUE;TRUE
957;50000;1000;75;25;1;315;384;247;42;42;15;42;15;TRUE;TRUE
958;50000;1000;75;25;1;5284;1398;1352;388;388;10;388;10;TRUE;TRUE
959;50000;1000;75;25;1;2180;480;204;135;135;19;135;19;TRUE;TRUE
960;50000;1000;75;25;1;115;460;115;30;30;3;30;3;TRUE;TRUE
961;50000;1000;75;26;1;4166;738;282;236;236;7;236;7;TRUE;TRUE
962;50000;1000;75;26;1;1273;1464;551;144;144;22;144;22;TRUE;TRUE
963;50000;1000;75;26;1;3406;1896;756;279;279;9;279;9;TRUE;TRUE
964;50000;1000;75;26;1;3483;1839;1394;315;315;25;315;25;TRUE;TRUE
965;50000;1000;75;26;1;49;49;49;6;6;5;6;5;TRUE;TRUE
966;50000;1000;75;26;1;2234;714;210;142;142;2;142;2;TRUE;TRUE
967;50000;1000;75;26;1;1008;938;231;95;95;4;95;4;TRUE;TRUE
968;50000;1000;75;26;1;2534;1226;797;203;203;9;203;9;TRUE;TRUE
969;50000;1000;75;26;1;73;73;73;9;9;19;9;19;TRUE;TRUE
970;50000;1000;75;26;1;1722;426;307;109;109;10;109;10;TRUE;TRUE
971;50000;1000;75;26;1;2059;982;387;155;155;16;155;16;TRUE;TRUE
972;50000;1000;75;26;1;1173;405;213;79;79;6;79;6;TRUE;TRUE
973;50000;1000;75;26;1;5688;693;189;306;306;17;306;17;TRUE;TRUE
974;50000;1000;75;26;1;825;433;49;57;57;2;57;2;TRUE;TRUE
975;50000;1000;75;26;1;861;432;72;61;61;20;61;20;TRUE;TRUE
976;50000;1000;75;26;1;1463;761;187;106;106;15;106;15;TRUE;TRUE
977;50000;1000;75;27;1;482;682;457;67;67;24;67;24;TRUE;TRUE
978;50000;1000;75;27;1;2539;906;411;164;164;4;164;4;TRUE;TRUE
979;50000;1000;75;27;1;6795;2678;1035;466;466;21;466;21;TRUE;TRUE
980;50000;1000;75;27;1;175;175;175;21;21;4;21;4;TRUE;TRUE
981;50000;1000;75;27;1;3698;1151;314;228;228;19;228;19;TRUE;TRUE
982;50000;1000;75;27;1;292;642;292;50;50;18;50;18;TRUE;TRUE
983;50000;1000;75;27;1;709;647;197;65;65;23;65;23;TRUE;TRUE
984;50000;1000;75;27;1;2874;719;344;170;170;24;170;24;TRUE;TRUE
985;50000;1000;75;27;1;4517;1368;561;281;281;14;281;14;TRUE;TRUE
986;50000;1000;75;27;1;2100;1780;836;204;204;20;204;20;TRUE;TRUE
987;50000;1000;75;27;1;3911;2431;1702;344;344;13;344;13;TRUE;TRUE
988;50000;1000;75;27;1;317;317;317;39;39;21;39;21;TRUE;TRUE
989;50000;1000;75;27;1;1326;1172;1172;160;160;15;160;15;TRUE;TRUE
990;50000;1000;75;27;1;3771;1270;150;227;227;14;227;14;TRUE;TRUE
991;50000;1000;75;27;1;1467;1490;861;163;163;21;163;21;TRUE;TRUE
992;50000;1000;75;27;1;2270;759;315;146;146;2;146;2;TRUE;TRUE
993;50000;1000;75;28;1;4328;1426;1166;286;286;16;286;16;TRUE;TRUE
994;50000;1000;75;28;1;3680;1436;568;239;239;6;239;6;TRUE;TRUE
995;50000;1000;75;28;1;5901;2549;2245;464;464;18;464;18;TRUE;TRUE
996;50000;1000;75;28;1;781;687;661;87;87;25;87;25;TRUE;TRUE
997;50000;1000;75;28;1;206;206;206;24;24;8;24;8;TRUE;TRUE
998;50000;1000;75;28;1;14781;5021;2765;989;989;10;989;10;TRUE;TRUE
999;50000;1000;75;28;1;1149;1149;1149;141;141;15;141;15;TRUE;TRUE
1000;50000;1000;75;28;1;2823;1169;1091;213;213;20;213;20;TRUE;TRUE
1001;50000;1000;75;28;1;710;380;302;56;56;10;56;10;TRUE;TRUE
1002;50000;1000;75;28;1;12519;6214;4799;1017;1017;22;1017;22;TRUE;TRUE
1003;50000;1000;75;28;1;53;53;53;6;6;21;6;21;TRUE;TRUE
1004;50000;1000;75;28;1;1905;861;327;127;127;26;127;26;TRUE;TRUE
1005;50000;1000;75;28;1;5197;816;452;278;278;4;278;4;TRUE;TRUE
1006;50000;1000;75;28;1;2275;2277;306;197;197;8;197;8;TRUE;TRUE
1007;50000;1000;75;28;1;14876;4288;3752;991;991;25;991;25;TRUE;TRUE
1008;50000;1000;75;28;1;1112;1112;1112;135;135;26;135;26;TRUE;TRUE
1009;50000;1000;75;29;1;3366;648;189;170;170;6;170;6;TRUE;TRUE
1010;50000;1000;75;29;1;3824;2912;2885;390;390;24;390;24;TRUE;TRUE
1011;50000;1000;75;29;1;2186;1210;394;149;149;4;149;4;TRUE;TRUE
1012;50000;1000;75;29;1;3416;2197;755;250;250;12;250;12;TRUE;TRUE
1013;50000;1000;75;29;1;4875;2027;1257;327;327;25;327;25;TRUE;TRUE
1014;50000;1000;75;29;1;2001;1452;801;167;167;25;167;25;TRUE;TRUE
1015;50000;1000;75;29;1;1436;1639;973;159;159;15;159;15;TRUE;TRUE
1016;50000;1000;75;29;1;1480;715;184;93;93;18;93;18;TRUE;TRUE
1017;50000;1000;75;29;1;1231;1263;398;111;111;17;111;17;TRUE;TRUE
1018;50000;1000;75;29;1;213;213;213;24;24;22;24;22;TRUE;TRUE
1019;50000;1000;75;29;1;1821;710;494;119;119;28;119;28;TRUE;TRUE
1020;50000;1000;75;29;1;2101;3050;1847;276;276;18;276;18;TRUE;TRUE
1021;50000;1000;75;29;1;3322;1604;1145;243;243;6;243;6;TRUE;TRUE
1022;50000;1000;75;29;1;2088;793;415;131;131;19;131;19;TRUE;TRUE
1023;50000;1000;75;29;1;292;270;108;25;25;19;25;19;TRUE;TRUE
1024;50000;1000;75;29;1;6351;4200;3687;581;581;14;581;14;TRUE;TRUE
1025;50000;1000;75;30;1;5434;4147;1334;420;420;23;420;23;TRUE;TRUE
1026;50000;1000;75;30;1;8198;5064;3911;673;673;19;673;19;TRUE;TRUE
1027;50000;1000;75;30;1;6648;2642;1984;441;441;24;441;24;TRUE;TRUE
1028;50000;1000;75;30;1;29;29;29;3;3;1;3;1;TRUE;TRUE
1029;50000;1000;75;30;1;911;1219;911;113;113;20;113;20;TRUE;TRUE
1030;50000;1000;75;30;1;4513;3096;965;333;333;22;333;22;TRUE;TRUE
1031;50000;1000;75;30;1;249;249;249;27;27;4;27;4;TRUE;TRUE
1032;50000;1000;75;30;1;354;354;354;39;39;18;39;18;TRUE;TRUE
1033;50000;1000;75;30;1;10601;3028;2147;624;624;25;624;25;TRUE;TRUE
1034;50000;1000;75;30;1;57;57;57;6;6;24;6;24;TRUE;TRUE
1035;50000;1000;75;30;1;1750;695;275;104;104;12;104;12;TRUE;TRUE
1036;50000;1000;75;30;1;196;197;141;19;19;5;19;5;TRUE;TRUE
1037;50000;1000;75;30;1;723;835;695;84;84;24;84;24;TRUE;TRUE
1038;50000;1000;75;30;1;28971;9382;7727;1856;1856;28;1856;28;TRUE;TRUE
1039;50000;1000;75;30;1;6968;3884;1817;493;493;29;493;29;TRUE;TRUE
1040;50000;1000;75;30;1;38216;9574;7591;2277;2277;26;2277;26;TRUE;TRUE
1041;50000;1000;75;31;1;59;59;59;6;6;26;6;26;TRUE;TRUE
1042;50000;1000;75;31;1;2097;547;199;103;103;17;103;17;TRUE;TRUE
1043;50000;1000;75;31;1;3474;607;259;162;162;23;162;23;TRUE;TRUE
1044;50000;1000;75;31;1;585;585;585;63;63;11;63;11;TRUE;TRUE
1045;50000;1000;75;31;1;5218;2175;2088;349;349;11;349;11;TRUE;TRUE
1046;50000;1000;75;31;1;6958;1737;1563;380;380;11;380;11;TRUE;TRUE
1047;50000;1000;75;31;1;399;542;316;44;44;12;44;12;TRUE;TRUE
1048;50000;1000;75;31;1;2141;1496;310;143;143;5;143;5;TRUE;TRUE
1049;50000;1000;75;31;1;843;903;729;88;88;18;88;18;TRUE;TRUE
1050;50000;1000;75;31;1;1737;662;343;99;99;21;99;21;TRUE;TRUE
1051;50000;1000;75;31;1;278;278;278;30;30;28;30;28;TRUE;TRUE
1052;50000;1000;75;31;1;258;287;258;28;28;26;28;26;TRUE;TRUE
1053;50000;1000;75;31;1;2335;1965;1502;212;212;24;212;24;TRUE;TRUE
1054;50000;1000;75;31;1;146;146;146;15;15;15;15;15;TRUE;TRUE
1055;50000;1000;75;31;1;2182;1556;1212;181;181;26;181;26;TRUE;TRUE
1056;50000;1000;75;31;1;2982;3099;826;657;657;27;345;24;TRUE;TRUE
